,title,body,url
0,Easy Japanese,#29 I went to listen to a piano recital.,https://www3.nhk.or.jp/nhkworld/en/vod/easyjapanese/6022029/
1,GRAND SUMO Highlights,Day 2,https://www3.nhk.or.jp/nhkworld/en/vod/sumo/2061227/
2,Inside Lens,The Duck Master,https://www3.nhk.or.jp/nhkworld/en/vod/lens/2056063/
3,TOKYO FASHION EXPRESS,Shining a Light on Classic Crafts,https://www3.nhk.or.jp/nhkworld/en/vod/tokyofashion/2009303/
4,GRAND SUMO Highlights,Day 1 (Opening Day),https://www3.nhk.or.jp/nhkworld/en/vod/sumo/2061226/
5,J-MELO,"J-Music Now (January, 2019)",https://www3.nhk.or.jp/nhkworld/en/vod/j-melo/2004325/
6,GRAND SUMO LIVE,January Tournament Day 1 (Opening Day),https://www3.nhk.or.jp/nhkworld/en/vod/sumolive/3004563/
7,Wild Hokkaido!,Lake Shikaribetsu from Autumn to Winter,https://www3.nhk.or.jp/nhkworld/en/vod/wildhokkaido/2069044/
8,Hometown Stories,A 26-Year-Old's Breast Cancer Diary,https://www3.nhk.or.jp/nhkworld/en/vod/hometown/5003106/
9,Medical Frontiers,Medical Frontiers Special - Search for Superfoods in Niigata -,https://www3.nhk.or.jp/nhkworld/en/vod/medicalfrontiers/3004560/
10,Biz Stream,A Deep Learning Start-up Challenges the World,https://www3.nhk.or.jp/nhkworld/en/vod/bizstream/2074027/
11,Easy Japanese,#28 May I take photos here?,https://www3.nhk.or.jp/nhkworld/en/vod/easyjapanese/6022028/
12,NHK WORLD PRIME,A Doctor Beside the Deathbed,https://www3.nhk.or.jp/nhkworld/en/vod/worldprime/3016033/
13,CYCLE AROUND JAPAN,Miyako Islands - Riding the Ocean Breeze -,https://www3.nhk.or.jp/nhkworld/en/vod/cycle/2066018/
14,At Home with Venetia in Kyoto,At Home with Venetia in Kyoto Autumn 2018,https://www3.nhk.or.jp/nhkworld/en/vod/venetia/3004559/
15,Dining with the Chef,"Cook Around Japan ""Fukushima""New Fukushima's cuisine",https://www3.nhk.or.jp/nhkworld/en/vod/dwc/2019221/
16,NEWSROOM TOKYO,#1000,https://www3.nhk.or.jp/nhkworld/en/vod/newsroomtokyo/1002010/
17,Asia Insight,N.Korean Defectors Become Company Presidents in S.Korea,https://www3.nhk.or.jp/nhkworld/en/vod/asiainsight/2022218/
18,Kawaii International,Upcycle Your Kawaii,https://www3.nhk.or.jp/nhkworld/en/vod/kawaii-i/2025092/
19,Japan Railway Journal,A New Generation of Commuter Train: Tokyu Corporation's Series 2020,https://www3.nhk.or.jp/nhkworld/en/vod/japanrailway/2049048/
20,RISING,"Safer, Smarter Coaches: Transport Innovator - Koji Hirayama",https://www3.nhk.or.jp/nhkworld/en/vod/rising/2042077/
21,DESIGN TALKS plus,Design Hunting in Yamagata,https://www3.nhk.or.jp/nhkworld/en/vod/designtalksplus/2046091/
22,Core Kyoto,Celebrating the New Year: With reverence and gratitude,https://www3.nhk.or.jp/nhkworld/en/vod/corekyoto/2029100/
23,Biz Buzz Japan,Security for 2020 and Beyond,https://www3.nhk.or.jp/nhkworld/en/vod/bizbuzz/2057030/
24,Trails to Tsukiji,KONNYAKU,https://www3.nhk.or.jp/nhkworld/en/vod/tsukiji/2054080/
25,Side by Side,Fields of Hope: Cambodia,https://www3.nhk.or.jp/nhkworld/en/vod/sidebyside/2037041/
26,A*B*C Tours,A Thai Star in Saga Part 1,https://www3.nhk.or.jp/nhkworld/en/vod/abctours/3019027/
27,15 Minutes,Close to ART: Kirishima Open-Air Museum,https://www3.nhk.or.jp/nhkworld/en/vod/15minutes/3019051/
28,TOKYO EYE 2020,Exploring Tokyo Underground,https://www3.nhk.or.jp/nhkworld/en/vod/tokyoeye2020/2053135/
29,Science View,"The Leading Edge: A Warning from the Sea of Japan - a ""Miniature Ocean""",https://www3.nhk.or.jp/nhkworld/en/vod/scienceview/2015207/
30,Japanology Plus,Roof Tilers,https://www3.nhk.or.jp/nhkworld/en/vod/japanologyplus/2032174/
31,Easy Japanese,#27 Which one is the most tasty?,https://www3.nhk.or.jp/nhkworld/en/vod/easyjapanese/6022027/
32,imagine-nation,Behind the Scenes of Japan's Local Manga,https://www3.nhk.or.jp/nhkworld/en/vod/imagine/2002330/
33,Journeys in Japan,Kamioka: Pedaling Ahead to the Past,https://www3.nhk.or.jp/nhkworld/en/vod/journeys/2007363/
34,Medical Frontiers,Series Acupuncture: Complementary Cancer Treatments,https://www3.nhk.or.jp/nhkworld/en/vod/medicalfrontiers/2050065/
35,J-Trip Plan,The Crinkly World of Tie-Dying & Women's Fascination with Swords,https://www3.nhk.or.jp/nhkworld/en/vod/jtripplan/2059067/
36,Inside Lens,Namaste Korea,https://www3.nhk.or.jp/nhkworld/en/vod/lens/2056058/
37,TOKYO FASHION EXPRESS,A Global Designer in Command of Technology,https://www3.nhk.or.jp/nhkworld/en/vod/tokyofashion/2009313/
38,Wild Hokkaido!,Lake Kussharo in Autumn,https://www3.nhk.or.jp/nhkworld/en/vod/wildhokkaido/2069043/
39,great gear,Yokohama Hot Rod Custom Show 2018,https://www3.nhk.or.jp/nhkworld/en/vod/greatgear/2018240/
40,Easy Japanese,#26 This Japanese omelet is sweet and delicious.,https://www3.nhk.or.jp/nhkworld/en/vod/easyjapanese/6022026/
41,Anime Supernova,Scenes from a Retro-Futuristic Tokyo,https://www3.nhk.or.jp/nhkworld/en/vod/anime/2065022/
42,J-FLICKS,Focus on Tokyo International Film Festival,https://www3.nhk.or.jp/nhkworld/en/vod/jflicks/2036049/
43,NHK WORLD PRIME,The Pianist from Syria,https://www3.nhk.or.jp/nhkworld/en/vod/worldprime/3016032/
44,Train Cruise,A Route Through Time Bookended by the Two Seas in Western Japan,https://www3.nhk.or.jp/nhkworld/en/vod/traincruise/2068013/
45,ABU Asia-Pacific Robocon 2018,The Rong Bay Challenge,https://www3.nhk.or.jp/nhkworld/en/vod/robocon/3004555/
46,BOSAI: An Educational Journey,Earthquake Edition,https://www3.nhk.or.jp/nhkworld/en/vod/bosai/3004557/
47,Dining with the Chef,"Cook Around Japan ""Fukushima""Samurai food",https://www3.nhk.or.jp/nhkworld/en/vod/dwc/2019220/
48,GLOBAL AGENDA,GLOBAL AGENDA 10 minutesThe Global Compact on Refugees: Ideals vs. Reality,https://www3.nhk.or.jp/nhkworld/en/vod/globalagenda/3004554/
49,Asia Insight,A Library on Horseback in Indonesia,https://www3.nhk.or.jp/nhkworld/en/vod/asiainsight/2022217/
50,Kawaii International,We've Got Kawaii in the Bag,https://www3.nhk.or.jp/nhkworld/en/vod/kawaii-i/2025091/
51,NHK WORLD PRIME,An Honest Death - A Palliative Care Doctor's Final Days -,https://www3.nhk.or.jp/nhkworld/en/vod/worldprime/3016007/
52,Japan Railway Journal,Seibu Railway: Setting its Sights on the Chichibu Region,https://www3.nhk.or.jp/nhkworld/en/vod/japanrailway/2049061/
53,Trails to Tsukiji,COD,https://www3.nhk.or.jp/nhkworld/en/vod/tsukiji/2054060/
54,RISING,Deals on Wheels: Mobile Supermarket Innovator - Tatsuya Sumitomo,https://www3.nhk.or.jp/nhkworld/en/vod/rising/2042065/
55,DESIGN TALKS plus,Instinct,https://www3.nhk.or.jp/nhkworld/en/vod/designtalksplus/2046088/
56,"CREW 191: A Cameraman's Record of ""Life on Mars""",,https://www3.nhk.or.jp/nhkworld/en/vod/lifeonmars/5001199/
57,Biz Buzz Japan,Real Opportunities for Real Estate,https://www3.nhk.or.jp/nhkworld/en/vod/bizbuzz/2057028/
58,Japanology Plus,Rice Cultivation,https://www3.nhk.or.jp/nhkworld/en/vod/japanologyplus/2032153/
59,Side by Side,Loans for All Tricycles: Philippines,https://www3.nhk.or.jp/nhkworld/en/vod/sidebyside/2037045/
60,3-Day Dare*Devils,The Extreme World of Vending Machines,https://www3.nhk.or.jp/nhkworld/en/vod/daredevils/3019031/
61,3-Day Dare*Devils,Ultimate Haul: Total House Relocation,https://www3.nhk.or.jp/nhkworld/en/vod/daredevils/3019030/
62,Journeys in Japan,Yubari: Mining the Nostalgia,https://www3.nhk.or.jp/nhkworld/en/vod/journeys/2007277/
63,Easy Japanese,#25 My throat hurts.,https://www3.nhk.or.jp/nhkworld/en/vod/easyjapanese/6022025/
64,J-Trip Plan,The Wonderful World of Sushi,https://www3.nhk.or.jp/nhkworld/en/vod/jtripplan/2059041/
65,HAIKU MASTERS,HAIKU MASTERS in IshikawaNanao,https://www3.nhk.or.jp/nhkworld/en/vod/haiku_masters/2060020/
66,TOKYO FASHION EXPRESS,Soaring Like a Butterfly,https://www3.nhk.or.jp/nhkworld/en/vod/tokyofashion/2009312/
67,WHAT'S YOUR CONNECTION?,Running around Japan,https://www3.nhk.or.jp/nhkworld/en/vod/yourconnection/2076006/
68,Face To Face,Chieko Kuribayashi: Saving Communities One Meal at a Time,https://www3.nhk.or.jp/nhkworld/en/vod/facetoface/2043043/
69,Wild Hokkaido!,The Harsh Winter of the Sea of Okhotsk Coast,https://www3.nhk.or.jp/nhkworld/en/vod/wildhokkaido/2069025/
70,Kids Meet the World,An Underdog Story: Chiba Meets Sri Lanka,https://www3.nhk.or.jp/nhkworld/en/vod/kids/2071010/
71,great gear,Japan Home & Building Show 2018,https://www3.nhk.or.jp/nhkworld/en/vod/greatgear/2018239/
72,Darwin's Amazing Animals,"Ample Babysitters — Barbary Macaque, Morocco",https://www3.nhk.or.jp/nhkworld/en/vod/darwin/4030023/
73,#TOKYO,Keyword: Horse Racing,https://www3.nhk.or.jp/nhkworld/en/vod/hashtagtokyo/2064025/
74,SAMURAI WHEELS SPECIAL,2018 Analyzing Japanese Car Trend,https://www3.nhk.or.jp/nhkworld/en/vod/samuraiwheels/3004553/
75,Direct Talk,The Innovator of TraditionMakhar Vaziev,https://www3.nhk.or.jp/nhkworld/en/vod/directtalk/2058431/
76,2018 GRAND SUMO Review,Review 2018,https://www3.nhk.or.jp/nhkworld/en/vod/sumoreview/2073025/
77,Ask the Doctor,Stress Management: Mindfulness Meditation,https://www3.nhk.or.jp/nhkworld/en/vod/askthedoctor/5001212/
78,Japan Railway Journal,Echizen Railway: Heading into the Future with the Community Onboard,https://www3.nhk.or.jp/nhkworld/en/vod/japanrailway/2049060/
79,CYCLE AROUND JAPAN Highlights,Miyazaki - Through a Sunlit Land -,https://www3.nhk.or.jp/nhkworld/en/vod/cyclehighlights/2070010/
80,Direct Talk,Stepping Forward with Mutual RespectMao Danqing,https://www3.nhk.or.jp/nhkworld/en/vod/directtalk/2058430/
81,Ask the Doctor,Stress Management: Modifying Your Behavior,https://www3.nhk.or.jp/nhkworld/en/vod/askthedoctor/5001210/
82,Ask the Doctor,Stroke Prevention: Rehabilitation for Recovery of the Brain,https://www3.nhk.or.jp/nhkworld/en/vod/askthedoctor/5001211/
83,Biz Buzz Japan,Press Play: Video Game Business,https://www3.nhk.or.jp/nhkworld/en/vod/bizbuzz/2057033/
84,Direct Talk,A New Era of the InternetSteven Johnson,https://www3.nhk.or.jp/nhkworld/en/vod/directtalk/2058434/
85,Ask the Doctor,Stress Management: Relax,https://www3.nhk.or.jp/nhkworld/en/vod/askthedoctor/5001208/
86,Her Story,Never Missing a Beat,https://www3.nhk.or.jp/nhkworld/en/vod/herstory/2048015/
87,15 Minutes,BENTO EXPO Season 3: Episode 8,https://www3.nhk.or.jp/nhkworld/en/vod/15minutes/3019050/
88,15 Minutes,NINJA TRUTH Episode 4: Ninja Yashiki,https://www3.nhk.or.jp/nhkworld/en/vod/15minutes/3019044/
89,Ask the Doctor,Stroke Prevention: Don't Miss the Signs,https://www3.nhk.or.jp/nhkworld/en/vod/askthedoctor/5001209/
90,Direct Talk,Promoting FukushimaMichihiko Yanai,https://www3.nhk.or.jp/nhkworld/en/vod/directtalk/2058428/
91,Ask the Doctor,Stress Management: Check Your Stress,https://www3.nhk.or.jp/nhkworld/en/vod/askthedoctor/5001206/
92,Easy Japanese,#24 I can't eat raw eggs.,https://www3.nhk.or.jp/nhkworld/en/vod/easyjapanese/6022024/
93,Journeys in Japan,Iriomote Island: A Small Piece of Paradise,https://www3.nhk.or.jp/nhkworld/en/vod/journeys/2007360/
94,Ask the Doctor,Stroke Prevention: This is the Method of Treatment,https://www3.nhk.or.jp/nhkworld/en/vod/askthedoctor/5001207/
95,J-Trip Plan,The Castle Town of Osaka & Treasure Hunting for Antiques,https://www3.nhk.or.jp/nhkworld/en/vod/jtripplan/2059049/
96,Direct Talk,The Wings of InnovationShinichi Inoue,https://www3.nhk.or.jp/nhkworld/en/vod/directtalk/2058427/
97,TOKYO FASHION EXPRESS,Inspired Clothes that Strike a Chord,https://www3.nhk.or.jp/nhkworld/en/vod/tokyofashion/2009311/
98,Ask the Doctor,Stroke Prevention: The Heart is the Cause,https://www3.nhk.or.jp/nhkworld/en/vod/askthedoctor/5001205/
99,Fresh Eyes on Japan,"Books, Curry and the Taste of Home",https://www3.nhk.or.jp/nhkworld/en/vod/fresheyes/2076005/
100,Face To Face,Shoko Kanazawa: Nothing Can Hold Me Back,https://www3.nhk.or.jp/nhkworld/en/vod/facetoface/2043031/
101,great gear,Interior Lifestyle Living,https://www3.nhk.or.jp/nhkworld/en/vod/greatgear/2018238/
102,Easy Japanese,#23 I like this cat.,https://www3.nhk.or.jp/nhkworld/en/vod/easyjapanese/6022023/
103,Darwin's Amazing Animals,"A Family Affair — Meerkat, Kalahari Desert",https://www3.nhk.or.jp/nhkworld/en/vod/darwin/4030022/
104,#TOKYO,Keyword: Mitakesan,https://www3.nhk.or.jp/nhkworld/en/vod/hashtagtokyo/2064024/
105,Home Sweet Tokyo,Season 2: #4 Let's Tidy Up!,https://www3.nhk.or.jp/nhkworld/en/vod/homesweettokyo/3018014/
106,Direct Talk,Shedding Light on the DarkBrillante Mendoza,https://www3.nhk.or.jp/nhkworld/en/vod/directtalk/2058422/
107,J-Arena,BMX Freestyle Park,https://www3.nhk.or.jp/nhkworld/en/vod/jarena/2073024/
108,Japan's Top Inventions,Erasable Pens,https://www3.nhk.or.jp/nhkworld/en/vod/topinventions/2072010/
109,Trails to Tsukiji,FU,https://www3.nhk.or.jp/nhkworld/en/vod/tsukiji/2054079/
110,15 Minutes,"Through the Kitchen Window:Akemi and Satsuki - Shojin Ryori, Buddhist Cuisine -",https://www3.nhk.or.jp/nhkworld/en/vod/15minutes/3019035/
111,15 Minutes,NINJA TRUTH Episode 3: Shuriken,https://www3.nhk.or.jp/nhkworld/en/vod/15minutes/3019043/
112,TOKYO EYE 2020,Tokyo Handicrafts: Centuries of Tradition,https://www3.nhk.or.jp/nhkworld/en/vod/tokyoeye2020/2053134/
113,Easy Japanese,#22 Let's take a photo.,https://www3.nhk.or.jp/nhkworld/en/vod/easyjapanese/6022022/
114,Journeys in Japan,Kanazawa: A Legacy of Color,https://www3.nhk.or.jp/nhkworld/en/vod/journeys/2007359/
115,J-Trip Plan,"Fukushima Then & Now, the Samurai Spirit",https://www3.nhk.or.jp/nhkworld/en/vod/jtripplan/2059066/
116,Direct Talk,Backgammon Taught Me EverythingAkiko Yazawa,https://www3.nhk.or.jp/nhkworld/en/vod/directtalk/2058426/
117,TOKYO FASHION EXPRESS,Town Factories Do Fashion,https://www3.nhk.or.jp/nhkworld/en/vod/tokyofashion/2009293/
118,Easy Japanese,#21 I'm in the clock tower.,https://www3.nhk.or.jp/nhkworld/en/vod/easyjapanese/6022021/
119,GLOBAL AGENDA,The Global Compact on Refugees: Ideals vs. Reality,https://www3.nhk.or.jp/nhkworld/en/vod/globalagenda/2047040/
120,CYCLE AROUND JAPAN,The Southern Island of Amami-Oshima,https://www3.nhk.or.jp/nhkworld/en/vod/cycle/3004328/
121,Home Sweet Tokyo,Season 2: #3 One Night at the Onsen,https://www3.nhk.or.jp/nhkworld/en/vod/homesweettokyo/3018013/
122,Direct Talk,The Peacock PrincessYang Liping,https://www3.nhk.or.jp/nhkworld/en/vod/directtalk/2058423/
123,Kawaii International,J-Beauty Makeup: Transformation & Technology,https://www3.nhk.or.jp/nhkworld/en/vod/kawaii-i/2025099/
124,Japan Railway Journal,Iwate Galaxy Railway: Launching Services for the Community,https://www3.nhk.or.jp/nhkworld/en/vod/japanrailway/2049059/
125,Direct Talk,Nurturing Experience as PowerRiccarda Zezza,https://www3.nhk.or.jp/nhkworld/en/vod/directtalk/2058425/
126,Japan's Top Inventions,Gastrocameras,https://www3.nhk.or.jp/nhkworld/en/vod/topinventions/2072008/
127,15 Minutes,Close to ART: The Japan Folk Crafts Museum,https://www3.nhk.or.jp/nhkworld/en/vod/15minutes/3019049/
128,3-Day Dare*Devils,Quest for the Ultimate Wasabi,https://www3.nhk.or.jp/nhkworld/en/vod/daredevils/3019042/
129,TOKYO EYE 2020,The Embassy Take on Tokyo: Thailand,https://www3.nhk.or.jp/nhkworld/en/vod/tokyoeye2020/2053133/
130,Direct Talk,Goldfish ArtRiusuke Fukahori,https://www3.nhk.or.jp/nhkworld/en/vod/directtalk/2058424/
131,Easy Japanese,#20 Please don't put wasabi in.,https://www3.nhk.or.jp/nhkworld/en/vod/easyjapanese/6022020/
132,Journeys in Japan,"Tanegashima: Guns, Rockets and Surf",https://www3.nhk.or.jp/nhkworld/en/vod/journeys/2007276/
133,Medical Frontiers,Nobel Laureate Changed Cancer Treatments,https://www3.nhk.or.jp/nhkworld/en/vod/medicalfrontiers/2050067/
134,J-Trip Plan,The Prestige of Roof Tiles & A Bizarre Festival of Prosperity,https://www3.nhk.or.jp/nhkworld/en/vod/jtripplan/2059042/
135,TOKYO FASHION EXPRESS,Pursuing Aesthetic Beauty in Leather Shoes,https://www3.nhk.or.jp/nhkworld/en/vod/tokyofashion/2009310/
136,Wild Hokkaido!,Sarobetsu Plain,https://www3.nhk.or.jp/nhkworld/en/vod/wildhokkaido/2069042/
137,Kids Meet the World,Facing Invisible Fears: Fukushima Meets Laos Part2,https://www3.nhk.or.jp/nhkworld/en/vod/kids/2071009/
138,Easy Japanese,#19 I'd like a pair of gloves.,https://www3.nhk.or.jp/nhkworld/en/vod/easyjapanese/6022019/
139,CYCLE AROUND JAPAN,Aizu - A Tapestry of Tradition -,https://www3.nhk.or.jp/nhkworld/en/vod/cycle/2066017/
140,Home Sweet Tokyo,Season 2: #2 True Love Choco,https://www3.nhk.or.jp/nhkworld/en/vod/homesweettokyo/3018012/
141,Kawaii International,J-Beauty Makeup: Trends You Need to Know!,https://www3.nhk.or.jp/nhkworld/en/vod/kawaii-i/2025098/
142,Japan Railway Journal,JR Central: Enticing Tourists with Helpful Services & Events,https://www3.nhk.or.jp/nhkworld/en/vod/japanrailway/2049058/
143,Trails to Tsukiji,SANMA,https://www3.nhk.or.jp/nhkworld/en/vod/tsukiji/2054078/
144,15 Minutes,BENTO EXPO Season 1: Episode 2,https://www3.nhk.or.jp/nhkworld/en/vod/15minutes/3004382/
145,3-Day Dare*Devils,"My ""Deer"" Friends: Guardians of Nara",https://www3.nhk.or.jp/nhkworld/en/vod/daredevils/3019041/
146,Easy Japanese,#18 It was really fun.,https://www3.nhk.or.jp/nhkworld/en/vod/easyjapanese/6022018/
147,imagine-nation,e-sports in Japan,https://www3.nhk.or.jp/nhkworld/en/vod/imagine/2002329/
148,Journeys in Japan,"Karatsu: Festival floats, deep community spirit",https://www3.nhk.or.jp/nhkworld/en/vod/journeys/2007318/
149,J-Trip Plan,A 360 View of the Seas in Shikoku & Reflections on Mt. Fuji,https://www3.nhk.or.jp/nhkworld/en/vod/jtripplan/2059065/
150,Direct Talk,Working Together on Climate ChangeCarl Pope,https://www3.nhk.or.jp/nhkworld/en/vod/directtalk/2058420/
151,HAIKU MASTERS,HAIKU MASTERS in IshikawaKanazawa,https://www3.nhk.or.jp/nhkworld/en/vod/haiku_masters/2060019/
152,Wild Hokkaido!,Akan's Forest,https://www3.nhk.or.jp/nhkworld/en/vod/wildhokkaido/2069041/
153,Easy Japanese,#17 I've been traveling around Japan.,https://www3.nhk.or.jp/nhkworld/en/vod/easyjapanese/6022017/
154,Train Cruise,Beyond the Brilliant Roof of Hokkaido,https://www3.nhk.or.jp/nhkworld/en/vod/traincruise/2068012/
155,Home Sweet Tokyo,Season 2: #1 It's All Calligraphy!,https://www3.nhk.or.jp/nhkworld/en/vod/homesweettokyo/3018011/
156,Direct Talk,Changing Malaysia Through the ArtsPete Teo,https://www3.nhk.or.jp/nhkworld/en/vod/directtalk/2058421/
157,Kawaii International,"Tokyo's Urban Outdoors - Kawaii, Chic & Cool",https://www3.nhk.or.jp/nhkworld/en/vod/kawaii-i/2025095/
158,Japan Railway Journal,Nagoya Railroad: Advancing with Easy Airport Access and a Famous Castle Town,https://www3.nhk.or.jp/nhkworld/en/vod/japanrailway/2049057/
159,CYCLE AROUND JAPAN Highlights,"Autumn - World Heritage Sites, Tomioka to Nikko -",https://www3.nhk.or.jp/nhkworld/en/vod/cyclehighlights/2070009/
160,Direct Talk,Turning Waste into WealthVinesh Sinha,https://www3.nhk.or.jp/nhkworld/en/vod/directtalk/2058419/
161,Direct Talk,Art Will Give You StrengthSophiline Cheam Shapiro,https://www3.nhk.or.jp/nhkworld/en/vod/directtalk/2058413/
162,Her Story,Toward Independence,https://www3.nhk.or.jp/nhkworld/en/vod/herstory/2048033/
163,15 Minutes,BENTO EXPO Season 3: Episode 7,https://www3.nhk.or.jp/nhkworld/en/vod/15minutes/3019048/
164,15 Minutes,RAKUGO NIPPON! -IWATE-The Journey to Experience the Age-Old Culture of Tohoku,https://www3.nhk.or.jp/nhkworld/en/vod/15minutes/3019040/
165,TOKYO EYE 2020,The Imperial Palace and More,https://www3.nhk.or.jp/nhkworld/en/vod/tokyoeye2020/2053132/
166,Direct Talk,The Joy of EmbodimentKaiji Moriyama,https://www3.nhk.or.jp/nhkworld/en/vod/directtalk/2058418/
167,Easy Japanese,#16 This is a world-famous hot spring.,https://www3.nhk.or.jp/nhkworld/en/vod/easyjapanese/6022016/
168,Journeys in Japan,Houki-cho: Preserving the Past for the Future,https://www3.nhk.or.jp/nhkworld/en/vod/journeys/2007358/
169,Medical Frontiers,Put Your Best Foot Forward,https://www3.nhk.or.jp/nhkworld/en/vod/medicalfrontiers/2050064/
170,J-Trip Plan,An Ancient Capital of Gold & Fun Scenes in Downtown Osaka,https://www3.nhk.or.jp/nhkworld/en/vod/jtripplan/2059030/
171,Direct Talk,Creating with the CustomerShigeaki Nomizu,https://www3.nhk.or.jp/nhkworld/en/vod/directtalk/2058417/
172,GRAND SUMO Highlights,Sumopedia: Push and Thrust Style,https://www3.nhk.or.jp/nhkworld/en/vod/sumo/2062037/
173,WHAT'S YOUR CONNECTION?,Muslim Life in Japan,https://www3.nhk.or.jp/nhkworld/en/vod/yourconnection/2076004/
174,Kids Meet the World,Hometown Pride: Fukushima Meets Laos Part1,https://www3.nhk.or.jp/nhkworld/en/vod/kids/2071008/
175,NHK WORLD-JAPAN presents SONGS OF TOKYO,Part 4,https://www3.nhk.or.jp/nhkworld/en/vod/songsoftokyo/3004544/
176,GRAND SUMO Highlights,Sumopedia: Belt Fighting Style,https://www3.nhk.or.jp/nhkworld/en/vod/sumo/2062036/
177,great gear,CEATEC Japan 2018,https://www3.nhk.or.jp/nhkworld/en/vod/greatgear/2018237/
178,Easy Japanese,"#15 To the monkey hot spring, please.",https://www3.nhk.or.jp/nhkworld/en/vod/easyjapanese/6022015/
179,#TOKYO,Keyword: Shinjuku Nights,https://www3.nhk.or.jp/nhkworld/en/vod/hashtagtokyo/2064023/
180,NHK WORLD-JAPAN presents SONGS OF TOKYO,Part 3,https://www3.nhk.or.jp/nhkworld/en/vod/songsoftokyo/3004543/
181,GRAND SUMO Highlights,Sumopedia: Leg Tripping Techniques,https://www3.nhk.or.jp/nhkworld/en/vod/sumo/2062035/
182,GRAND SUMO Highlights,Sumopedia: Salt Tossing,https://www3.nhk.or.jp/nhkworld/en/vod/sumo/2062034/
183,Direct Talk,Keeping Hope AliveAkiko Horiba,https://www3.nhk.or.jp/nhkworld/en/vod/directtalk/2058416/
184,GRAND SUMO Highlights,Sumopedia: Kinboshi (Gold Star Victory),https://www3.nhk.or.jp/nhkworld/en/vod/sumo/2062033/
185,Japan's Top Inventions,Handheld Calculators,https://www3.nhk.or.jp/nhkworld/en/vod/topinventions/2072009/
186,Trails to Tsukiji,SUDACHI,https://www3.nhk.or.jp/nhkworld/en/vod/tsukiji/2054077/
187,15 Minutes,Close to ART: Aomori Museum of Art,https://www3.nhk.or.jp/nhkworld/en/vod/15minutes/3019032/
188,15 Minutes,RAKUGO NIPPON! -IWATE-The Journey to Discover All of Iwate's Autumn Flavors,https://www3.nhk.or.jp/nhkworld/en/vod/15minutes/3019039/
189,Direct Talk,Building Architecture for LifeToyo Ito,https://www3.nhk.or.jp/nhkworld/en/vod/directtalk/2058415/
190,Easy Japanese,#14 I want to go to Japan someday.,https://www3.nhk.or.jp/nhkworld/en/vod/easyjapanese/6022014/
191,Journeys in Japan,Passage of Time: Lake Towada in Autumn,https://www3.nhk.or.jp/nhkworld/en/vod/journeys/2007317/
192,Medical Frontiers,Joint Resolution,https://www3.nhk.or.jp/nhkworld/en/vod/medicalfrontiers/2050063/
193,J-Trip Plan,Deep in the Forested Mountains of Nagano,https://www3.nhk.or.jp/nhkworld/en/vod/jtripplan/2059064/
194,Direct Talk,Flexible TablewareKatsuji Nousaku,https://www3.nhk.or.jp/nhkworld/en/vod/directtalk/2058414/
195,TOKYO FASHION EXPRESS,Ever-Changing Tokyo Fashion,https://www3.nhk.or.jp/nhkworld/en/vod/tokyofashion/2009308/
196,Fresh Eyes on Japan,A Cup of Communication,https://www3.nhk.or.jp/nhkworld/en/vod/fresheyes/2076003/
197,NHK WORLD-JAPAN presents SONGS OF TOKYO,Part 2,https://www3.nhk.or.jp/nhkworld/en/vod/songsoftokyo/3004542/
198,Easy Japanese,#13 I want to see the snow.,https://www3.nhk.or.jp/nhkworld/en/vod/easyjapanese/6022013/
199,GLOBAL AGENDA,GLOBAL AGENDA 10 minutesTRADE WARS: New Global Order?,https://www3.nhk.or.jp/nhkworld/en/vod/globalagenda/3004545/
200,#TOKYO,Keyword: Shrine,https://www3.nhk.or.jp/nhkworld/en/vod/hashtagtokyo/2064008/
201,NHK WORLD-JAPAN presents SONGS OF TOKYO,Part 1,https://www3.nhk.or.jp/nhkworld/en/vod/songsoftokyo/3004541/
202,Japan Railway Journal,Chartered Tour Trains: Special Times for Special Tours,https://www3.nhk.or.jp/nhkworld/en/vod/japanrailway/2049056/
203,Japan's Top Inventions,Portable Music Players,https://www3.nhk.or.jp/nhkworld/en/vod/topinventions/2072007/
204,Direct Talk,Expanding Your MindHaiyan Zhang,https://www3.nhk.or.jp/nhkworld/en/vod/directtalk/2058406/
205,15 Minutes,A Treasured Creation: Today's Treasure - Kyoto Wire Weaving,https://www3.nhk.or.jp/nhkworld/en/vod/15minutes/3019047/
206,15 Minutes,"Close to ART: The Museum of Modern Art, Wakayama",https://www3.nhk.or.jp/nhkworld/en/vod/15minutes/3019038/
207,TOKYO EYE 2020,Shibuya Shuffle,https://www3.nhk.or.jp/nhkworld/en/vod/tokyoeye2020/2053131/
208,Direct Talk,Raising a Sake GlassKosuke Kuji,https://www3.nhk.or.jp/nhkworld/en/vod/directtalk/2058412/
209,Easy Japanese,"#12 This is a cute amulet, isn't it?",https://www3.nhk.or.jp/nhkworld/en/vod/easyjapanese/6022012/
210,Journeys in Japan,Fukuoka: A City of Two Faces,https://www3.nhk.or.jp/nhkworld/en/vod/journeys/2007357/
211,J-Trip Plan,A Tale of Two Cities across a Strait & The Shikoku Pilgrimage,https://www3.nhk.or.jp/nhkworld/en/vod/jtripplan/2059040/
212,Direct Talk,Creating a Sustainable WorldKeishi Ikeuchi,https://www3.nhk.or.jp/nhkworld/en/vod/directtalk/2058411/
213,TOKYO FASHION EXPRESS,2018 Autumn/Winter Trend Forecast,https://www3.nhk.or.jp/nhkworld/en/vod/tokyofashion/2009309/
214,Animation x Paralympic: Who Is Your Hero?,Episode 3: Wheelchair Tennis,https://www3.nhk.or.jp/nhkworld/en/vod/anipara/5001202/
215,Wild Hokkaido!,Takanegahara Plateau in the Taisetsu Mountain Range,https://www3.nhk.or.jp/nhkworld/en/vod/wildhokkaido/2069040/
216,Sake in Paris,Pairing with French Cuisine,https://www3.nhk.or.jp/nhkworld/en/vod/sakeinparis/3004540/
217,Easy Japanese,#11 Do you have any lucky charms?,https://www3.nhk.or.jp/nhkworld/en/vod/easyjapanese/6022011/
218,CYCLE AROUND JAPAN,Hokkaido - Boundless Horizons -,https://www3.nhk.or.jp/nhkworld/en/vod/cycle/2066016/
219,Animation x Paralympic: Who Is Your Hero?,Episode 2: Para Athletics,https://www3.nhk.or.jp/nhkworld/en/vod/anipara/5001198/
220,Direct Talk,Comedy Gives Voice to DiversityMargaret Cho,https://www3.nhk.or.jp/nhkworld/en/vod/directtalk/2058407/
221,Kawaii International,Kawaii Tableware from 'Tradition' to Today,https://www3.nhk.or.jp/nhkworld/en/vod/kawaii-i/2025097/
222,Journeys in Japan,Iwate Winter Rite,https://www3.nhk.or.jp/nhkworld/en/vod/journeys/2007256/
223,Direct Talk,Diving with Respect for the OceanWilliam Trubridge,https://www3.nhk.or.jp/nhkworld/en/vod/directtalk/2058410/
224,TOHOKU Awaits,"Kuji & Hirono, Iwate",https://www3.nhk.or.jp/nhkworld/en/vod/tohokuawaits/8131238/
225,Trails to Tsukiji,SEA URCHIN,https://www3.nhk.or.jp/nhkworld/en/vod/tsukiji/2054076/
226,Direct Talk,The Most Ambitious Rescue EverRick Stanton,https://www3.nhk.or.jp/nhkworld/en/vod/directtalk/2058409/
227,15 Minutes,BENTO EXPO Season 3: Episode 6,https://www3.nhk.or.jp/nhkworld/en/vod/15minutes/3019033/
228,A*B*C Tours,A Vietnamese Star in Hokkaido Part 2,https://www3.nhk.or.jp/nhkworld/en/vod/abctours/3019037/
229,TOKYO EYE 2020,The History and Heart of Shibamata,https://www3.nhk.or.jp/nhkworld/en/vod/tokyoeye2020/2053130/
230,Easy Japanese,#10 How much is this hair dryer?,https://www3.nhk.or.jp/nhkworld/en/vod/easyjapanese/6022010/
231,Journeys in Japan,Mt. Gozaisho: Going Extreme,https://www3.nhk.or.jp/nhkworld/en/vod/journeys/2007356/
232,TOHOKU Awaits,"Hanamaki, Iwate",https://www3.nhk.or.jp/nhkworld/en/vod/tohokuawaits/8131237/
233,J-Trip Plan,Huge Ruins North of Himeji & Horsing Around in the Iwate Countryside,https://www3.nhk.or.jp/nhkworld/en/vod/jtripplan/2059063/
234,Direct Talk,Ballet for the SoulTetsuya Kumakawa,https://www3.nhk.or.jp/nhkworld/en/vod/directtalk/2058408/
235,From Foreign Student to International Specialist,The Endeavors of a Nagoya Graduate School,https://www3.nhk.or.jp/nhkworld/en/vod/foreignstudent/3004547/
236,Wild Hokkaido!,Okhotsk Summer Flower Garden,https://www3.nhk.or.jp/nhkworld/en/vod/wildhokkaido/2069039/
237,Easy Japanese,#9 What is this?,https://www3.nhk.or.jp/nhkworld/en/vod/easyjapanese/6022009/
238,GLOBAL AGENDA,TRADE WARS: New Global Order?,https://www3.nhk.or.jp/nhkworld/en/vod/globalagenda/2047039/
239,CYCLE AROUND JAPAN,Summer - The Coast and Mountains of Iwate -,https://www3.nhk.or.jp/nhkworld/en/vod/cycle/3004359/
240,Kawaii International,Next-Gen Magazines: These Are ZINEs!,https://www3.nhk.or.jp/nhkworld/en/vod/kawaii-i/2025096/
241,Japan Railway Journal,Shinano Railway: Managing the Risks of the Next 30 Years,https://www3.nhk.or.jp/nhkworld/en/vod/japanrailway/2049055/
242,Japan's Top Inventions,Instant Ramen,https://www3.nhk.or.jp/nhkworld/en/vod/topinventions/2072006/
243,Her Story,Standing Up for Unwed Mothers,https://www3.nhk.or.jp/nhkworld/en/vod/herstory/2048032/
244,15 Minutes,BENTO EXPO Season 3: Episode 5,https://www3.nhk.or.jp/nhkworld/en/vod/15minutes/3019029/
245,A*B*C Tours,A Vietnamese Star in Hokkaido Part 1,https://www3.nhk.or.jp/nhkworld/en/vod/abctours/3019036/
246,Direct Talk,Superior Denim from Rural JapanYoshiharu Kaihara,https://www3.nhk.or.jp/nhkworld/en/vod/directtalk/2058405/
247,Easy Japanese,"#8 This is my friend, Ayaka-san.",https://www3.nhk.or.jp/nhkworld/en/vod/easyjapanese/6022008/
248,Journeys in Japan,A RIVER RUNS THROUGH HOKKAIDO,https://www3.nhk.or.jp/nhkworld/en/vod/journeys/2007313/
249,J-Trip Plan,A Ceramic Town near Chubu International Airport & Supermarket Shopping,https://www3.nhk.or.jp/nhkworld/en/vod/jtripplan/2059031/
250,Direct Talk,Chairs for the World's Beauty SalonsHidetaka Yoshikawa,https://www3.nhk.or.jp/nhkworld/en/vod/directtalk/2058404/
251,HAIKU MASTERS,Ep.4 'Matsuyama / Ehime',https://www3.nhk.or.jp/nhkworld/en/vod/haiku_masters/2060004/
252,TOKYO FASHION EXPRESS,A Tokyo-Based Global Designer,https://www3.nhk.or.jp/nhkworld/en/vod/tokyofashion/2009307/
253,GLOBAL AGENDA,GLOBAL AGENDA 10 minutesBuilding Trust in the Cyber Era,https://www3.nhk.or.jp/nhkworld/en/vod/globalagenda/3004533/
254,WHAT'S YOUR CONNECTION?,Letters from Myanmar,https://www3.nhk.or.jp/nhkworld/en/vod/yourconnection/2076002/
255,Kids Meet the World,Wowing the World with Things We Take for Granted: Kochi Meets Tonga,https://www3.nhk.or.jp/nhkworld/en/vod/kids/2071007/
256,great gear,Tourism Expo Japan 2018,https://www3.nhk.or.jp/nhkworld/en/vod/greatgear/2018236/
257,#TOKYO,Keyword: Nagoya,https://www3.nhk.or.jp/nhkworld/en/vod/hashtagtokyo/2064022/
258,Direct Talk,Art Can Unite UsRobert Wilson,https://www3.nhk.or.jp/nhkworld/en/vod/directtalk/2058403/
259,Kawaii International,Innovative Bento - Kawaii Food On-The-Go,https://www3.nhk.or.jp/nhkworld/en/vod/kawaii-i/2025094/
260,CYCLE AROUND JAPAN Highlights,Aichi - Heartland of Japan's Craft Traditions -,https://www3.nhk.or.jp/nhkworld/en/vod/cyclehighlights/2070008/
261,Direct Talk,Digital Reading Within ReachTong Zhilei,https://www3.nhk.or.jp/nhkworld/en/vod/directtalk/2058402/
262,Direct Talk,Programming a Brighter Future After PrisonChris Redlitz,https://www3.nhk.or.jp/nhkworld/en/vod/directtalk/2058401/
263,15 Minutes,BENTO EXPO Season 3: Episode 4,https://www3.nhk.or.jp/nhkworld/en/vod/15minutes/3019026/
264,TOKYO EYE 2020,Kagurazaka: A Place of Art,https://www3.nhk.or.jp/nhkworld/en/vod/tokyoeye2020/2053129/
265,Direct Talk,"Don't Feel Responsible, RespondCharles E. McJilton",https://www3.nhk.or.jp/nhkworld/en/vod/directtalk/2058400/
266,Easy Japanese,#7 Please speak slowly.,https://www3.nhk.or.jp/nhkworld/en/vod/easyjapanese/6022007/
267,Journeys in Japan,Kitayama Village: A Community with Unique Charms,https://www3.nhk.or.jp/nhkworld/en/vod/journeys/2007355/
268,Medical Frontiers,"Gums, Germs and Healing",https://www3.nhk.or.jp/nhkworld/en/vod/medicalfrontiers/2050062/
269,J-Trip Plan,Caving Adventures in Western Japan,https://www3.nhk.or.jp/nhkworld/en/vod/jtripplan/2059062/
270,Direct Talk,The Unique Business of Transport VehiclesHitoshi Kaneyuki,https://www3.nhk.or.jp/nhkworld/en/vod/directtalk/2058399/
271,TOKYO FASHION EXPRESS,The Luminous Pearls of Japan,https://www3.nhk.or.jp/nhkworld/en/vod/tokyofashion/2009275/
272,Selfie Japan!,Mie: In Search of the True Face of Ninjas in Iga,https://www3.nhk.or.jp/nhkworld/en/vod/selfiejapan/3004536/
273,Fresh Eyes on Japan,The Guardian Cats,https://www3.nhk.or.jp/nhkworld/en/vod/fresheyes/2076001/
274,Wild Hokkaido!,Etomo Peninsula in Muroran,https://www3.nhk.or.jp/nhkworld/en/vod/wildhokkaido/2069037/
275,Walking into the Heart of Old Japan,The Ancient Sasayama Highway,https://www3.nhk.or.jp/nhkworld/en/vod/heartofoldjapan/5001201/
276,Easy Japanese,#6 Does this train go to Ikebukuro?,https://www3.nhk.or.jp/nhkworld/en/vod/easyjapanese/6022006/
277,#TOKYO,Keyword: Nagoya,https://www3.nhk.or.jp/nhkworld/en/vod/hashtagtokyo/2064021/
278,Train Cruise,The Treasures of Country Life outside Osaka,https://www3.nhk.or.jp/nhkworld/en/vod/traincruise/2068005/
279,Selfie Japan!,"Yamatokoriyama City, Nara: A City Long Famous for Its Goldfish",https://www3.nhk.or.jp/nhkworld/en/vod/selfiejapan/3004535/
280,Kawaii International,Tokyo Sneaker Heads: Customize Your Kicks,https://www3.nhk.or.jp/nhkworld/en/vod/kawaii-i/2025085/
281,Journeys in Japan,Kinosaki Onsen: Bathing in Tradition,https://www3.nhk.or.jp/nhkworld/en/vod/journeys/2007255/
282,Selfie Japan!,Kyoto: Experience Traditional Beauty with Jūnihitoe,https://www3.nhk.or.jp/nhkworld/en/vod/selfiejapan/3004534/
283,Trails to Tsukiji,NIBOSHI,https://www3.nhk.or.jp/nhkworld/en/vod/tsukiji/2054075/
284,Direct Talk,Creating the Future for Immigrant ChildrenWendy Young,https://www3.nhk.or.jp/nhkworld/en/vod/directtalk/2058397/
285,15 Minutes,BENTO EXPO Season 3: Episode 1,https://www3.nhk.or.jp/nhkworld/en/vod/15minutes/3019019/
286,15 Minutes,Close to ART: Hoki Museum,https://www3.nhk.or.jp/nhkworld/en/vod/15minutes/3019034/
287,Easy Japanese,#5 I studied by listening to the radio.,https://www3.nhk.or.jp/nhkworld/en/vod/easyjapanese/6022005/
288,Journeys in Japan,The Lost Pirates of the Seto Inland Sea,https://www3.nhk.or.jp/nhkworld/en/vod/journeys/2007351/
289,Medical Frontiers,Custom-Made for Your Heart,https://www3.nhk.or.jp/nhkworld/en/vod/medicalfrontiers/2050061/
290,J-Trip Plan,Museum Hopping around Japan,https://www3.nhk.or.jp/nhkworld/en/vod/jtripplan/2059061/
291,Direct Talk,Bringing Medicine to the African BackcountryEri Machii,https://www3.nhk.or.jp/nhkworld/en/vod/directtalk/2058396/
292,Wild Hokkaido!,Teuri Island,https://www3.nhk.or.jp/nhkworld/en/vod/wildhokkaido/2069038/
293,Spiritual Explorers,Mount Fuji,https://www3.nhk.or.jp/nhkworld/en/vod/spiritualexplorers/3004527/
294,Easy Japanese,#4 I'm going to study Japanese at a university.,https://www3.nhk.or.jp/nhkworld/en/vod/easyjapanese/6022004/
295,CYCLE AROUND JAPAN,Kochi - Beneath Blue Skies -,https://www3.nhk.or.jp/nhkworld/en/vod/cycle/2066015/
296,Entertainment Nippon 2018,LiSA,https://www3.nhk.or.jp/nhkworld/en/vod/e_nippon/2045021/
297,Direct Talk,Finding Her Artistic VoiceYuko Shimizu,https://www3.nhk.or.jp/nhkworld/en/vod/directtalk/2058388/
298,Japan Railway Journal,Hankyu Corporation: A Leading Private Railway Company's Business Model,https://www3.nhk.or.jp/nhkworld/en/vod/japanrailway/2049041/
299,Journeys in Japan,NAGOYA: SAMURAI WARLORD CHRONICLES,https://www3.nhk.or.jp/nhkworld/en/vod/journeys/2007294/
300,Direct Talk,Our Common HumanityElif Shafak,https://www3.nhk.or.jp/nhkworld/en/vod/directtalk/2058395/
301,Direct Talk,In Pursuit of an Ideal StrollerSong Zhenghuan,https://www3.nhk.or.jp/nhkworld/en/vod/directtalk/2058394/
302,Asia's Appetizing Adventures,Thailand Part 2: Traditional Cuisine of a Hill Tribe,https://www3.nhk.or.jp/nhkworld/en/vod/appetizing/3019012/
303,Asia's Appetizing Adventures,Thailand Part 1: Traditional Cuisine of a Border Town,https://www3.nhk.or.jp/nhkworld/en/vod/appetizing/3019011/
304,Direct Talk,Quality Products from Developing CountriesEriko Yamaguchi,https://www3.nhk.or.jp/nhkworld/en/vod/directtalk/2058393/
305,Easy Japanese,#3 I'm from Vietnam.,https://www3.nhk.or.jp/nhkworld/en/vod/easyjapanese/6022003/
306,Journeys in Japan,Iki: Island of Beauty and Promise,https://www3.nhk.or.jp/nhkworld/en/vod/journeys/2007350/
307,J-Trip Plan,Then and Now by Nostalgic Train & An Early Bird Guide to Kyoto,https://www3.nhk.or.jp/nhkworld/en/vod/jtripplan/2059043/
308,TOKYO FASHION EXPRESS,"Traditional ""Japan Blue"" Meets the Future",https://www3.nhk.or.jp/nhkworld/en/vod/tokyofashion/2009291/
309,Soar High in the Sky!,"Challenge of Obuse, Nagano",https://www3.nhk.or.jp/nhkworld/en/vod/soarhigh/3004531/
310,"JAPAN FROM ABOVECo-production between NHK, Gedeon Programmes, ZDF Arte, and Voyage",Treasure Islands,https://www3.nhk.or.jp/nhkworld/en/vod/japanfromabove/3004518/
311,Easy Japanese,#2 I'm Tam. I'm a student.,https://www3.nhk.or.jp/nhkworld/en/vod/easyjapanese/6022002/
312,GLOBAL AGENDA,Building Trust in the Cyber Era,https://www3.nhk.or.jp/nhkworld/en/vod/globalagenda/2047038/
313,Train Cruise,Pacific Coastal Life in Shikoku Island,https://www3.nhk.or.jp/nhkworld/en/vod/traincruise/2068006/
314,Spiritual Explorers,Obon,https://www3.nhk.or.jp/nhkworld/en/vod/spiritualexplorers/3004526/
315,Direct Talk,A Whale of a TaleMegumi Sasaki,https://www3.nhk.or.jp/nhkworld/en/vod/directtalk/2058392/
316,Japan Railway Journal,New-Look Railway Museum: A Wonderland of Japan's Railway History,https://www3.nhk.or.jp/nhkworld/en/vod/japanrailway/2049054/
317,Journeys in Japan,Tokoname: City of ceramics past and present,https://www3.nhk.or.jp/nhkworld/en/vod/journeys/2007288/
318,Direct Talk,Showcasing Human IngenuityTristram Hunt,https://www3.nhk.or.jp/nhkworld/en/vod/directtalk/2058377/
319,Trails to Tsukiji,CORN,https://www3.nhk.or.jp/nhkworld/en/vod/tsukiji/2054074/
320,Direct Talk,Changing the Future of Cancer TreatmentHisataka Kobayashi,https://www3.nhk.or.jp/nhkworld/en/vod/directtalk/2058391/
321,15 Minutes,RAKUGO NIPPON! -CHICHIBU-,https://www3.nhk.or.jp/nhkworld/en/vod/15minutes/3019024/
322,TOKYO EYE 2020,Hands-on Fun in Asakusa,https://www3.nhk.or.jp/nhkworld/en/vod/tokyoeye2020/2053127/
323,Direct Talk,A Chair That Soothes the SoulToshiyuki Otsuki,https://www3.nhk.or.jp/nhkworld/en/vod/directtalk/2058390/
324,Easy Japanese,#1 Where is Haru-san House?,https://www3.nhk.or.jp/nhkworld/en/vod/easyjapanese/6022001/
325,Journeys in Japan,Yanai: Old Town of Goldfish Lanterns,https://www3.nhk.or.jp/nhkworld/en/vod/journeys/2007310/
326,J-Trip Plan,Adventures on the Island of Gold & A Parade of Tradition and History,https://www3.nhk.or.jp/nhkworld/en/vod/jtripplan/2059037/
327,Direct Talk,Every Little VoiceNoriko Hayashi,https://www3.nhk.or.jp/nhkworld/en/vod/directtalk/2058389/
328,HAIKU MASTERS,Ep.3 'Matsuyama / Ehime',https://www3.nhk.or.jp/nhkworld/en/vod/haiku_masters/2060003/
329,great gear,Gaishoku Business Week 2018,https://www3.nhk.or.jp/nhkworld/en/vod/greatgear/2018235/
330,#TOKYO,Keyword: Narita Airport,https://www3.nhk.or.jp/nhkworld/en/vod/hashtagtokyo/2064020/
331,CYCLE AROUND JAPAN Highlights,An Autumn Ride through Yamaguchi,https://www3.nhk.or.jp/nhkworld/en/vod/cyclehighlights/2070007/
332,Her Story,Changing the Tune of Society,https://www3.nhk.or.jp/nhkworld/en/vod/herstory/2048031/
333,15 Minutes,RAKUGO NIPPON! -KAMAKURA-,https://www3.nhk.or.jp/nhkworld/en/vod/15minutes/3019023/
334,Direct Talk,Cultivating Harmonies with the VietnameseTetsuji Honna,https://www3.nhk.or.jp/nhkworld/en/vod/directtalk/2058386/
335,Journeys in Japan,Totsukawa: A Spiritually Charged Place of Beauty,https://www3.nhk.or.jp/nhkworld/en/vod/journeys/2007349/
336,J-Trip Plan,Hokkaido: Ride the Expansive Marshes & Fly High in a Balloon,https://www3.nhk.or.jp/nhkworld/en/vod/jtripplan/2059036/
337,TOKYO FASHION EXPRESS,Stunning the World with Leather,https://www3.nhk.or.jp/nhkworld/en/vod/tokyofashion/2009306/
338,Wild Hokkaido!,The Shores of Shakotan Peninsula,https://www3.nhk.or.jp/nhkworld/en/vod/wildhokkaido/2069036/
339,"JAPAN FROM ABOVECo-production between NHK, Gedeon Programmes, ZDF Arte, and Voyage",Land of the Prayers,https://www3.nhk.or.jp/nhkworld/en/vod/japanfromabove/3004517/
340,great gear,Design Festa Summer 2018,https://www3.nhk.or.jp/nhkworld/en/vod/greatgear/2018234/
341,#TOKYO,Keyword: Narita Airport,https://www3.nhk.or.jp/nhkworld/en/vod/hashtagtokyo/2064019/
342,Direct Talk,Following Your Life's True PassionKazuhiro Tsuji,https://www3.nhk.or.jp/nhkworld/en/vod/directtalk/2058385/
343,3-Day Dare*Devils,Ultra-High-Pressure Wash of a Colossal Shrine,https://www3.nhk.or.jp/nhkworld/en/vod/daredevils/3019021/
344,TOKYO EYE 2020,The Embassy Take on Tokyo: Indonesia,https://www3.nhk.or.jp/nhkworld/en/vod/tokyoeye2020/2053126/
345,Direct Talk,A Message of Botanical BeautyNobuo Sugino,https://www3.nhk.or.jp/nhkworld/en/vod/directtalk/2058384/
346,Journeys in Japan,Okushiri Island: Secret Gem Off Hokkaido,https://www3.nhk.or.jp/nhkworld/en/vod/journeys/2007348/
347,J-Trip Plan,A Stunning Volcano Close Up & Akita Dogs,https://www3.nhk.or.jp/nhkworld/en/vod/jtripplan/2059060/
348,The Sea of Japan,Stormy Winter Brings Amberjack,https://www3.nhk.or.jp/nhkworld/en/vod/seaofjapan/3004525/
349,TOKYO FASHION EXPRESS,Energizing the Textile Industry,https://www3.nhk.or.jp/nhkworld/en/vod/tokyofashion/2009305/
350,The Sea of Japan,Sandfish Spawn in Autumn,https://www3.nhk.or.jp/nhkworld/en/vod/seaofjapan/3004524/
351,The Sea of Japan,Firefly Squid Sparkle in Spring,https://www3.nhk.or.jp/nhkworld/en/vod/seaofjapan/3004523/
352,Medical Frontiers,Medical Frontiers Special - Search for Superfoods in Oita -,https://www3.nhk.or.jp/nhkworld/en/vod/medicalfrontiers/3004521/
353,CYCLE AROUND JAPAN,Mie - A Summer Dream -,https://www3.nhk.or.jp/nhkworld/en/vod/cycle/2066014/
354,Direct Talk,Transforming Society Through ArchitectureRaymond Moriyama,https://www3.nhk.or.jp/nhkworld/en/vod/directtalk/2058383/
355,Kawaii International,Tokyo Sneaker Heads: What's On The Street,https://www3.nhk.or.jp/nhkworld/en/vod/kawaii-i/2025084/
356,Japan Railway Journal,The Golden Route to Hakone: Limited Express Romancecar and the Mountain Train,https://www3.nhk.or.jp/nhkworld/en/vod/japanrailway/2049053/
357,Japan's Top Inventions,Quartz Wristwatches,https://www3.nhk.or.jp/nhkworld/en/vod/topinventions/2072005/
358,TOKYO EYE 2020,Tokyo Night Guide,https://www3.nhk.or.jp/nhkworld/en/vod/tokyoeye2020/2053125/
359,3-Day Dare*Devils,A Heavenly Onsen beyond the Cliffs of Hell,https://www3.nhk.or.jp/nhkworld/en/vod/daredevils/3019020/
360,Journeys in Japan,Akita: Swaying Lanterns Brighten Summer Nights,https://www3.nhk.or.jp/nhkworld/en/vod/journeys/2007273/
361,Medical Frontiers,Eye-Opening Treatments,https://www3.nhk.or.jp/nhkworld/en/vod/medicalfrontiers/2050060/
362,J-Trip Plan,In Touch with Nature in Okinawa's South,https://www3.nhk.or.jp/nhkworld/en/vod/jtripplan/2059039/
363,Direct Talk,"Tasty, Affordable Cakes for EveryoneHiroshi Saito",https://www3.nhk.or.jp/nhkworld/en/vod/directtalk/2058382/
364,TOKYO FASHION EXPRESS,Connecting People Through Fashion,https://www3.nhk.or.jp/nhkworld/en/vod/tokyofashion/2009304/
365,Animation x Paralympic: Who Is Your Hero?,Episode 1: Football 5-a-side,https://www3.nhk.or.jp/nhkworld/en/vod/anipara/5001197/
366,CYCLE AROUND JAPAN,Kumamoto - Discovering a Land of Volcanoes -,https://www3.nhk.or.jp/nhkworld/en/vod/cycle/2066001/
367,Letters from Hibakusha,Animated Stories of A-Bomb Survivors,https://www3.nhk.or.jp/nhkworld/en/vod/hiroshimaanime/3004519/
368,Direct Talk,Russia's Future in AsiaDmitri Trenin,https://www3.nhk.or.jp/nhkworld/en/vod/directtalk/2058381/
369,Kawaii International,Home Sweet Home: Creative Tokyo Living,https://www3.nhk.or.jp/nhkworld/en/vod/kawaii-i/2025089/
370,Japan Railway Journal,Kominato Railway: The Strategy of a Quaint Local Railway,https://www3.nhk.or.jp/nhkworld/en/vod/japanrailway/2049052/
371,15 Minutes,Step into My Kitchen,https://www3.nhk.or.jp/nhkworld/en/vod/15minutes/3019006/
372,Journeys in Japan,Aomori: Out of This World,https://www3.nhk.or.jp/nhkworld/en/vod/journeys/2007272/
373,Medical Frontiers,The Brain Can Be Regenerated,https://www3.nhk.or.jp/nhkworld/en/vod/medicalfrontiers/2050059/
374,J-Trip Plan,Mountain Asceticism in Nara and Yamagata & Tokyo Bay's Only Uninhabited Island,https://www3.nhk.or.jp/nhkworld/en/vod/jtripplan/2059059/
375,Wild Hokkaido!,Rebun Island in Spring,https://www3.nhk.or.jp/nhkworld/en/vod/wildhokkaido/2069035/
376,KIMONO REVOLUTION,,https://www3.nhk.or.jp/nhkworld/en/vod/kimono/3004520/
377,Train Cruise,The Southern Rays and Breezes of Miyazaki,https://www3.nhk.or.jp/nhkworld/en/vod/traincruise/2068011/
378,Kawaii International,Home Sweet Home: Kawaii Home Tour,https://www3.nhk.or.jp/nhkworld/en/vod/kawaii-i/2025088/
379,Japan Railway Journal,Gakunan Electric Train: A New Outlook in the Foothills of Mt. Fuji,https://www3.nhk.or.jp/nhkworld/en/vod/japanrailway/2049051/
380,CYCLE AROUND JAPAN Highlights,Wakayama - Journey through a Sacred Landscape -,https://www3.nhk.or.jp/nhkworld/en/vod/cyclehighlights/2070004/
381,Japan's Top Inventions,Electronic Bidet Toilets,https://www3.nhk.or.jp/nhkworld/en/vod/topinventions/2072004/
382,15 Minutes,A Treasured Creation: Today's Treasure - Bamboo Basket,https://www3.nhk.or.jp/nhkworld/en/vod/15minutes/3019007/
383,15 Minutes,"Close to ART: 21st Century Museum of Contemporary Art, Kanazawa",https://www3.nhk.or.jp/nhkworld/en/vod/15minutes/3019008/
384,Journeys in Japan,Kita-Akita: Deep Connections with Nature,https://www3.nhk.or.jp/nhkworld/en/vod/journeys/2007347/
385,J-Trip Plan,Exquisite Kishu Lacquerware & The Energetic Kishiwada Danjiri Festival,https://www3.nhk.or.jp/nhkworld/en/vod/jtripplan/2059035/
386,HAIKU MASTERS,"HAIKU MASTERS in Biei, Hokkaido",https://www3.nhk.or.jp/nhkworld/en/vod/haiku_masters/2060014/
387,TOKYO FASHION EXPRESS,Inspired by Domestic Silk,https://www3.nhk.or.jp/nhkworld/en/vod/tokyofashion/2009279/
388,Kids Meet the World,Grappling with the Past: Miyagi Meets Palau - Part 2,https://www3.nhk.or.jp/nhkworld/en/vod/kids/2071006/
389,"JAPAN FROM ABOVECo-production between NHK, Gedeon Programmes, ZDF Arte, and Voyage",Cradle of Traditions,https://www3.nhk.or.jp/nhkworld/en/vod/japanfromabove/3004513/
390,great gear,SPORTEC 2018,https://www3.nhk.or.jp/nhkworld/en/vod/greatgear/2018233/
391,#TOKYO,Keyword: Asakusa,https://www3.nhk.or.jp/nhkworld/en/vod/hashtagtokyo/2064018/
392,Direct Talk,Music to Portray the Pain of the TimesToshio Hosokawa,https://www3.nhk.or.jp/nhkworld/en/vod/directtalk/2058379/
393,Japan Railway Journal,Tobu Railway's Revaty Express: Moving Forward to a Better Nikko,https://www3.nhk.or.jp/nhkworld/en/vod/japanrailway/2049050/
394,CYCLE AROUND JAPAN Highlights,Southern Hokkaido - A Perfect Summer Ride -,https://www3.nhk.or.jp/nhkworld/en/vod/cyclehighlights/2070006/
395,Direct Talk,"NY to Hiroshima, Beyond Ground ZeroCraig Hatkoff",https://www3.nhk.or.jp/nhkworld/en/vod/directtalk/2058378/
396,15 Minutes,NINJA TRUTH Episode 2,https://www3.nhk.or.jp/nhkworld/en/vod/15minutes/3019010/
397,A*B*C Tours,A Thai Star in Saga Part 2,https://www3.nhk.or.jp/nhkworld/en/vod/abctours/3019028/
398,TOKYO EYE 2020,2020 On the Way: Enoshima,https://www3.nhk.or.jp/nhkworld/en/vod/tokyoeye2020/2053124/
399,Journeys in Japan,Mt. Fuji: Climbing to the Sacred Realm,https://www3.nhk.or.jp/nhkworld/en/vod/journeys/2007346/
400,J-Trip Plan,The Search for the Sound of the Soul & Boisterous Pro-Wrestling Entertainment,https://www3.nhk.or.jp/nhkworld/en/vod/jtripplan/2059058/
401,"JAPAN FROM ABOVECo-production between NHK, Gedeon Programmes, ZDF Arte, and Voyage",Gifts from the Mountains,https://www3.nhk.or.jp/nhkworld/en/vod/japanfromabove/3004511/
402,great gear,International Stationery and Office Products Fair Tokyo,https://www3.nhk.or.jp/nhkworld/en/vod/greatgear/2018232/
403,#TOKYO,Keyword: Amusement Park,https://www3.nhk.or.jp/nhkworld/en/vod/hashtagtokyo/2064006/
404,Japan Railway Journal,The Ultimate in Comfort: New Limited Express Super Azusa,https://www3.nhk.or.jp/nhkworld/en/vod/japanrailway/2049049/
405,Direct Talk,Future Food NowElena Shifrina,https://www3.nhk.or.jp/nhkworld/en/vod/directtalk/2058376/
406,Direct Talk,The Danish Recipe for HappinessMeik Wiking,https://www3.nhk.or.jp/nhkworld/en/vod/directtalk/2058375/
407,15 Minutes,NINJA TRUTH Episode 1,https://www3.nhk.or.jp/nhkworld/en/vod/15minutes/3019009/
408,TOKYO EYE 2020,2020 On the Way: Tokyo Bay Area,https://www3.nhk.or.jp/nhkworld/en/vod/tokyoeye2020/2053123/
409,Journeys in Japan,Yuki & Oyama: Neighbors with Interwoven Tradition,https://www3.nhk.or.jp/nhkworld/en/vod/journeys/2007345/
410,J-Trip Plan,Old Mountain Highways and Post Towns & Kyoto Horror Fun,https://www3.nhk.or.jp/nhkworld/en/vod/jtripplan/2059034/
411,TOKYO FASHION EXPRESS,Big-Hearted Cool,https://www3.nhk.or.jp/nhkworld/en/vod/tokyofashion/2009302/
412,Wild Hokkaido!,Kushiro River,https://www3.nhk.or.jp/nhkworld/en/vod/wildhokkaido/2069034/
413,"JAPAN FROM ABOVECo-production between NHK, Gedeon Programmes, ZDF Arte, and Voyage",The Great Wild North,https://www3.nhk.or.jp/nhkworld/en/vod/japanfromabove/3004509/
414,CYCLE AROUND JAPAN,Riding with the Wind in Toyama,https://www3.nhk.or.jp/nhkworld/en/vod/cycle/3004368/
415,Direct Talk,Portrayals of PowerAlexander Sokurov,https://www3.nhk.or.jp/nhkworld/en/vod/directtalk/2058374/
416,Kawaii International,Ageless Kawaii,https://www3.nhk.or.jp/nhkworld/en/vod/kawaii-i/2025093/
417,Direct Talk,Life Is Awesome!Beatrice Vio,https://www3.nhk.or.jp/nhkworld/en/vod/directtalk/2058373/
418,A*B*C Tours,A Thai Star in Hokkaido Part 2,https://www3.nhk.or.jp/nhkworld/en/vod/abctours/3019004/
419,15 Minutes,RAKUGO NIPPON! -TOYAMA-,https://www3.nhk.or.jp/nhkworld/en/vod/15minutes/3004464/
420,Journeys in Japan,Tobishima: Living Life on Island Time,https://www3.nhk.or.jp/nhkworld/en/vod/journeys/2007344/
421,J-Trip Plan,Viewer Special: Just around the Corner in Kyoto,https://www3.nhk.or.jp/nhkworld/en/vod/jtripplan/2059057/
422,Direct Talk,The Beauty of WagasaKotaro Nishibori,https://www3.nhk.or.jp/nhkworld/en/vod/directtalk/2058372/
423,Wild Hokkaido!,Lake Miyajima,https://www3.nhk.or.jp/nhkworld/en/vod/wildhokkaido/2069033/
424,Train Cruise,Heartbeat of a Northern Land,https://www3.nhk.or.jp/nhkworld/en/vod/traincruise/2068003/
425,Direct Talk,Together with MusicFrancisco J. Núñez,https://www3.nhk.or.jp/nhkworld/en/vod/directtalk/2058371/
426,Japan Railway Journal,Enoshima Electric Railway: A Good Old 10km Ride,https://www3.nhk.or.jp/nhkworld/en/vod/japanrailway/2049047/
427,Direct Talk,The People's Campaign Against Nuclear WeaponsBeatrice Fihn,https://www3.nhk.or.jp/nhkworld/en/vod/directtalk/2058370/
428,Direct Talk,New Challenges for a Fashion GiantLuciano Benetton,https://www3.nhk.or.jp/nhkworld/en/vod/directtalk/2058369/
429,A*B*C Tours,A Thai Star in Hokkaido Part 1,https://www3.nhk.or.jp/nhkworld/en/vod/abctours/3019003/
430,Direct Talk,Song Transcends National BordersTokiko Kato,https://www3.nhk.or.jp/nhkworld/en/vod/directtalk/2058368/
431,Journeys in Japan,Misugi: Taking it Slow in the Mountains,https://www3.nhk.or.jp/nhkworld/en/vod/journeys/2007341/
432,J-Trip Plan,A Village of Boathouses in Kyoto Pref. & Panorama Hunting by Bike,https://www3.nhk.or.jp/nhkworld/en/vod/jtripplan/2059033/
433,Direct Talk,Bringing Beer BackYoshinori Isozaki,https://www3.nhk.or.jp/nhkworld/en/vod/directtalk/2058367/
434,HAIKU MASTERS,"HAIKU MASTERS in Shizuoka, Green Tea",https://www3.nhk.or.jp/nhkworld/en/vod/haiku_masters/2060018/
435,TOKYO FASHION EXPRESS,Fearless of Change,https://www3.nhk.or.jp/nhkworld/en/vod/tokyofashion/2009301/
436,Kids Meet the World,What is your happiness?: Yorii meets Bhutan,https://www3.nhk.or.jp/nhkworld/en/vod/kids/2071005/
437,great gear,International Tokyo Toy Show,https://www3.nhk.or.jp/nhkworld/en/vod/greatgear/2018231/
438,Wild Hokkaido!,The Forest of Higashi-Taisetsu,https://www3.nhk.or.jp/nhkworld/en/vod/wildhokkaido/2069012/
439,#TOKYO,Keyword: Edo-Tokyo Museum,https://www3.nhk.or.jp/nhkworld/en/vod/hashtagtokyo/2064017/
440,Direct Talk,Building on Tradition with New MusicKinohachi,https://www3.nhk.or.jp/nhkworld/en/vod/directtalk/2058366/
441,CYCLE AROUND JAPAN Highlights,Shimane - Land of Legends -,https://www3.nhk.or.jp/nhkworld/en/vod/cyclehighlights/2070005/
442,Her Story,Green and Clean,https://www3.nhk.or.jp/nhkworld/en/vod/herstory/2048030/
443,15 Minutes,BENTO EXPO Season 3: Episode 2,https://www3.nhk.or.jp/nhkworld/en/vod/15minutes/3019022/
444,TOKYO EYE 2020,Shin-Okubo: A Multicultural Neighborhood,https://www3.nhk.or.jp/nhkworld/en/vod/tokyoeye2020/2053122/
445,Direct Talk,Walls That Coexist with NatureShuhei Hasado,https://www3.nhk.or.jp/nhkworld/en/vod/directtalk/2058364/
446,Journeys in Japan,Remote Ojika Island: Portal to the Past,https://www3.nhk.or.jp/nhkworld/en/vod/journeys/2007340/
447,J-Trip Plan,A 3-Day Trip around Tokyo's Neighboring Prefectures,https://www3.nhk.or.jp/nhkworld/en/vod/jtripplan/2059022/
448,Direct Talk,The Power of BiologgingYuuki Watanabe,https://www3.nhk.or.jp/nhkworld/en/vod/directtalk/2058363/
449,TOKYO FASHION EXPRESS,Tokyo Designers with Global Visions,https://www3.nhk.or.jp/nhkworld/en/vod/tokyofashion/2009300/
450,Selfie Japan!,Saitama: Discovering the World of Bonsai,https://www3.nhk.or.jp/nhkworld/en/vod/selfiejapan/3004506/
451,Selfie Japan!,Kanagawa: Hand-made Delicious Kamaboko in Odawara,https://www3.nhk.or.jp/nhkworld/en/vod/selfiejapan/3004507/
452,#TOKYO,Keyword: Department Store,https://www3.nhk.or.jp/nhkworld/en/vod/hashtagtokyo/2064016/
453,Selfie Japan!,Chiba: Riding the Retro Rails in Choshi,https://www3.nhk.or.jp/nhkworld/en/vod/selfiejapan/3004505/
454,Direct Talk,Compost for a Zero Waste FuturePashon Murray,https://www3.nhk.or.jp/nhkworld/en/vod/directtalk/2058362/
455,Journeys in Japan,Isumi-Ichinomiya: Fresh Air and Laid-back Living,https://www3.nhk.or.jp/nhkworld/en/vod/journeys/2007283/
456,Direct Talk,The Power of Equality and Inclusive ThinkingDhammananda,https://www3.nhk.or.jp/nhkworld/en/vod/directtalk/2058353/
457,TOKYO EYE 2020,A Day Trip from Tokyo: Sawara,https://www3.nhk.or.jp/nhkworld/en/vod/tokyoeye2020/2053121/
458,Journeys in Japan,"TSUWANO: PAINTED PAST, VIVIDLY PRESENT",https://www3.nhk.or.jp/nhkworld/en/vod/journeys/2007339/
459,J-Trip Plan,The Age-Old Beauty of a Castle Town & The Deep World of Origami,https://www3.nhk.or.jp/nhkworld/en/vod/jtripplan/2059056/
460,TOKYO FASHION EXPRESS,The One and Only Kawaii,https://www3.nhk.or.jp/nhkworld/en/vod/tokyofashion/2009299/
461,CYCLE AROUND JAPAN,From Tokyo to Izu-Oshima,https://www3.nhk.or.jp/nhkworld/en/vod/cycle/3004388/
462,Train Cruise,Touch the Skies of Kanagawa,https://www3.nhk.or.jp/nhkworld/en/vod/traincruise/2068007/
463,Direct Talk,Reconstructing Ancient Musical InstrumentsLiu Hongjun,https://www3.nhk.or.jp/nhkworld/en/vod/directtalk/2058358/
464,Japan's Top Inventions,Automatic Rice Cookers,https://www3.nhk.or.jp/nhkworld/en/vod/topinventions/2072003/
465,Direct Talk,The Future of Southeast Asian StartupsWillis Wee,https://www3.nhk.or.jp/nhkworld/en/vod/directtalk/2058354/
466,15 Minutes,BENTO EXPO Season 2: Episode 4,https://www3.nhk.or.jp/nhkworld/en/vod/15minutes/3004478/
467,TOKYO EYE 2020,A Day Trip from Tokyo: Kawagoe and Ogawa,https://www3.nhk.or.jp/nhkworld/en/vod/tokyoeye2020/2053120/
468,Direct Talk,Into the Deep BlueSayuri Kinoshita,https://www3.nhk.or.jp/nhkworld/en/vod/directtalk/2058360/
469,Journeys in Japan,"Tsugaru: Amateur Sumo, Indomitable Tradition",https://www3.nhk.or.jp/nhkworld/en/vod/journeys/2007338/
470,Medical Frontiers,Japan-Crafted Artificial Joints,https://www3.nhk.or.jp/nhkworld/en/vod/medicalfrontiers/2050057/
471,J-Trip Plan,Master Carpentry and Adventure in Hida & Customized Bento,https://www3.nhk.or.jp/nhkworld/en/vod/jtripplan/2059032/
472,Direct Talk,The Road to RecoveryHiroyuki Sasa,https://www3.nhk.or.jp/nhkworld/en/vod/directtalk/2058359/
473,Wild Hokkaido!,Mt. Tossho,https://www3.nhk.or.jp/nhkworld/en/vod/wildhokkaido/2069032/
474,Train Cruise,Building the Future on the Miyagi Coast,https://www3.nhk.or.jp/nhkworld/en/vod/traincruise/2068010/
475,Asia Insight,The Changing Chinese Society in Laos,https://www3.nhk.or.jp/nhkworld/en/vod/asiainsight/2022238/
476,Kawaii International,Heads UP! Japan's Head Accessory Craze,https://www3.nhk.or.jp/nhkworld/en/vod/kawaii-i/2025090/
477,KABUKI KOOL,The Battles of Coxinga,https://www3.nhk.or.jp/nhkworld/en/vod/kabukikool/2035045/
478,15 Minutes,BENTO EXPO Season 2: Episode 3,https://www3.nhk.or.jp/nhkworld/en/vod/15minutes/3004474/
479,TOKYO EYE 2020,Classic Tokyo Dining: Centuries of Flavor,https://www3.nhk.or.jp/nhkworld/en/vod/tokyoeye2020/2053119/
480,Direct Talk,Camping Gear with a Unique PhilosophyTohru Yamai,https://www3.nhk.or.jp/nhkworld/en/vod/directtalk/2058349/
481,Journeys in Japan,Nikko: Contemplating its Architectural Jewels,https://www3.nhk.or.jp/nhkworld/en/vod/journeys/2007337/
482,J-Trip Plan,The Kumano Kodo Pilgrimage from Ise & A Delicious Array of Seaweed,https://www3.nhk.or.jp/nhkworld/en/vod/jtripplan/2059055/
483,Direct Talk,The Battle Against EbolaAyato Takada,https://www3.nhk.or.jp/nhkworld/en/vod/directtalk/2058348/
484,SUPER SAITAMA!!,Supreme Cuisine!,https://www3.nhk.or.jp/nhkworld/en/vod/supersaitama/3004503/
485,SUPER SAITAMA!!,Creative Powerhouses!,https://www3.nhk.or.jp/nhkworld/en/vod/supersaitama/3004502/
486,SUPER SAITAMA!!,Stay in unique Saitama style!,https://www3.nhk.or.jp/nhkworld/en/vod/supersaitama/3004501/
487,Wild Hokkaido!,Matsumae,https://www3.nhk.or.jp/nhkworld/en/vod/wildhokkaido/2069031/
488,great gear,Interior Lifestyle Tokyo,https://www3.nhk.or.jp/nhkworld/en/vod/greatgear/2018230/
489,#TOKYO,Keyword: Budget Hotel,https://www3.nhk.or.jp/nhkworld/en/vod/hashtagtokyo/2064015/
490,The Directhon,From Shizuoka to the World,https://www3.nhk.or.jp/nhkworld/en/vod/thedirecthon/5001193/
491,Mt. Fuji Aqua Journey,,https://www3.nhk.or.jp/nhkworld/en/vod/mtfujiaqua/3004498/
492,Direct Talk,Farming is the FutureCherrie Atilano,https://www3.nhk.or.jp/nhkworld/en/vod/directtalk/2058342/
493,Direct Talk,Resurrecting the Common GoodRobert Reich,https://www3.nhk.or.jp/nhkworld/en/vod/directtalk/2058355/
494,Her Story,Innovation Upon Tradition,https://www3.nhk.or.jp/nhkworld/en/vod/herstory/2048029/
495,15 Minutes,BENTO EXPO Season 2: Episode 2,https://www3.nhk.or.jp/nhkworld/en/vod/15minutes/3004465/
496,15 Minutes,BENTO EXPO Season 3: Episode 3,https://www3.nhk.or.jp/nhkworld/en/vod/15minutes/3019025/
497,TOKYO EYE 2020,"Tokyo's Amazing Backyard, Part 1: Kawasaki",https://www3.nhk.or.jp/nhkworld/en/vod/tokyoeye2020/2053068/
498,Direct Talk,Even Withered Flowers Can BloomSenko Ikenobo,https://www3.nhk.or.jp/nhkworld/en/vod/directtalk/2058346/
499,Journeys in Japan,ATAMI: THE SPA REVIVAL,https://www3.nhk.or.jp/nhkworld/en/vod/journeys/2007333/
500,Direct Talk,A World of FlavorTakaaki Nishii,https://www3.nhk.or.jp/nhkworld/en/vod/directtalk/2058345/
501,HAIKU MASTERS,"HAIKU MASTERS in Shizuoka, Mt. Fuji",https://www3.nhk.or.jp/nhkworld/en/vod/haiku_masters/2060017/
502,great gear,Automotive Engineering Exposition,https://www3.nhk.or.jp/nhkworld/en/vod/greatgear/2018229/
503,#TOKYO,Keyword: Water Transport,https://www3.nhk.or.jp/nhkworld/en/vod/hashtagtokyo/2064014/
504,Journeys in Japan,Minami-izu: Unspoiled Seaside Getaway,https://www3.nhk.or.jp/nhkworld/en/vod/journeys/2007312/
505,Direct Talk,The Joy of Connecting Through TechnologyTatsuo Nomura,https://www3.nhk.or.jp/nhkworld/en/vod/directtalk/2058350/
506,15 Minutes,BENTO EXPO Season 2: Episode 1,https://www3.nhk.or.jp/nhkworld/en/vod/15minutes/3004453/
507,TOKYO EYE 2020,The Embassy Take on Tokyo: Brazil,https://www3.nhk.or.jp/nhkworld/en/vod/tokyoeye2020/2053118/
508,Direct Talk,Problems into ProductsKentaro Ohyama,https://www3.nhk.or.jp/nhkworld/en/vod/directtalk/2058340/
509,Journeys in Japan,Ashikaga and Tochigi: Cultivating nature and tradition,https://www3.nhk.or.jp/nhkworld/en/vod/journeys/2007332/
510,Medical Frontiers,Attacking Cancer Through Blood Vessels,https://www3.nhk.or.jp/nhkworld/en/vod/medicalfrontiers/2050056/
511,J-Trip Plan,"World-class Tools, Knives and Metal Ware & A Stunning Coastline of Chalk",https://www3.nhk.or.jp/nhkworld/en/vod/jtripplan/2059054/
512,Direct Talk,Dressing the World in Innovative TextilesReiko Sudo,https://www3.nhk.or.jp/nhkworld/en/vod/directtalk/2058344/
513,Hometown Stories,Mr. Grandpa in Nursery School,https://www3.nhk.or.jp/nhkworld/en/vod/hometown/5003087/
514,GLOBAL AGENDA,Trump-Kim Summit: What's Next?,https://www3.nhk.or.jp/nhkworld/en/vod/globalagenda/2047037/
515,CYCLE AROUND JAPAN,Shizuoka - A Ride through History -,https://www3.nhk.or.jp/nhkworld/en/vod/cycle/2066008/
516,Direct Talk,The Joy of Classical MusicPaavo Järvi,https://www3.nhk.or.jp/nhkworld/en/vod/directtalk/2058343/
517,Journeys in Japan,Suruga Bay: The Bounty of the Deep,https://www3.nhk.or.jp/nhkworld/en/vod/journeys/2007287/
518,Japan's Top Inventions,Shinkansen,https://www3.nhk.or.jp/nhkworld/en/vod/topinventions/2072002/
519,Direct Talk,Theater for Social ChangeMaria Isabel Legarda,https://www3.nhk.or.jp/nhkworld/en/vod/directtalk/2058347/
520,15 Minutes,BENTO EXPO Season 1: Episode 3,https://www3.nhk.or.jp/nhkworld/en/vod/15minutes/3004390/
521,TOKYO EYE 2020,One-of-a-Kind Shimokitazawa,https://www3.nhk.or.jp/nhkworld/en/vod/tokyoeye2020/2053117/
522,Journeys in Japan,Agano River: Green Foliage and Spring Rituals,https://www3.nhk.or.jp/nhkworld/en/vod/journeys/2007331/
523,Direct Talk,The Beauty of FurnitureMasahiro Kato,https://www3.nhk.or.jp/nhkworld/en/vod/directtalk/2058341/
524,Medical Frontiers,Cancer Treatment on Target,https://www3.nhk.or.jp/nhkworld/en/vod/medicalfrontiers/2050055/
525,J-Trip Plan,From Mt. Fuji to the Deep Sea & The Joys of Miso,https://www3.nhk.or.jp/nhkworld/en/vod/jtripplan/2059046/
526,Wild Hokkaido!,The Beech Forest of Oshima Peninsula,https://www3.nhk.or.jp/nhkworld/en/vod/wildhokkaido/2069030/
527,Hometown Stories,Sweet Taste of Hope,https://www3.nhk.or.jp/nhkworld/en/vod/hometown/5003086/
528,CYCLE AROUND JAPAN,Aomori - A Spirit of Fortitude -,https://www3.nhk.or.jp/nhkworld/en/vod/cycle/2066013/
529,Train Cruise,A Taste of Japanese Culture along the Oigawa River,https://www3.nhk.or.jp/nhkworld/en/vod/traincruise/3004262/
530,Direct Talk,The Explosive Writer's SpiritYan Lianke,https://www3.nhk.or.jp/nhkworld/en/vod/directtalk/2058339/
531,Journeys in Japan,Izu & Odawara: The Senses of Summer,https://www3.nhk.or.jp/nhkworld/en/vod/journeys/2007231/
532,Direct Talk,Living in the AI EraNoriko Arai,https://www3.nhk.or.jp/nhkworld/en/vod/directtalk/2058338/
533,Direct Talk,Democracy is Taking a BeatingThitinan Pongsudhirak,https://www3.nhk.or.jp/nhkworld/en/vod/directtalk/2058335/
534,TOKYO EYE 2020,A Martial Arts Tour of Tokyo,https://www3.nhk.or.jp/nhkworld/en/vod/tokyoeye2020/2053116/
535,Direct Talk,The Power of TheaterSatoshi Miyagi,https://www3.nhk.or.jp/nhkworld/en/vod/directtalk/2058337/
536,Journeys in Japan,Okumusashi: Spring Forest Feast,https://www3.nhk.or.jp/nhkworld/en/vod/journeys/2007330/
537,J-Trip Plan,Outdoor Adventures on a Pristine River & A Museum Dedicated to a Kimono Master,https://www3.nhk.or.jp/nhkworld/en/vod/jtripplan/2059053/
538,Direct Talk,"Adding Bubbles, Adding FunHidefumi Kimura",https://www3.nhk.or.jp/nhkworld/en/vod/directtalk/2058336/
539,HAIKU MASTERS,HAIKU MASTERS in Yamagata,https://www3.nhk.or.jp/nhkworld/en/vod/haiku_masters/2060013/
540,Wild Hokkaido!,Spring in Onuma,https://www3.nhk.or.jp/nhkworld/en/vod/wildhokkaido/2069029/
541,ULTRA-TRAIL Mt.FUJI,ULTRA-TRAIL Mt.FUJI 2018,https://www3.nhk.or.jp/nhkworld/en/vod/ultratrail/3004496/
542,Train Cruise,Izu: From Rugged Coastline to Inland Warmth,https://www3.nhk.or.jp/nhkworld/en/vod/traincruise/2068009/
543,CYCLE AROUND JAPAN Highlights,Nagano - Life Deep in the Mountains -,https://www3.nhk.or.jp/nhkworld/en/vod/cyclehighlights/2070003/
544,Japan's Top Inventions,Conveyor Belt Sushi,https://www3.nhk.or.jp/nhkworld/en/vod/topinventions/2072001/
545,Her Story,Home is Where Hartini is,https://www3.nhk.or.jp/nhkworld/en/vod/herstory/2048028/
546,15 Minutes,BENTO EXPO Season 1: Episode 1,https://www3.nhk.or.jp/nhkworld/en/vod/15minutes/3004373/
547,TOKYO EYE 2020,Narita: A Taste of Traditional Japan,https://www3.nhk.or.jp/nhkworld/en/vod/tokyoeye2020/2053115/
548,Direct Talk,The Mission of ZoosGen Bando,https://www3.nhk.or.jp/nhkworld/en/vod/directtalk/2058334/
549,Journeys in Japan,Ise-Shima: Experiencing a Lifestyle Close to Nature,https://www3.nhk.or.jp/nhkworld/en/vod/journeys/2007261/
550,J-Trip Plan,A Denim-Colored Town & Fruit Galore All-Year Round,https://www3.nhk.or.jp/nhkworld/en/vod/jtripplan/2059052/
551,Direct Talk,Showcasing Local CharmsYoshiharu Hoshino,https://www3.nhk.or.jp/nhkworld/en/vod/directtalk/2058333/
552,Kids Meet the World,Paddle Your Way to Friendship: Tokyo Meets Slovakia,https://www3.nhk.or.jp/nhkworld/en/vod/kids/2071003/
553,great gear,Medtec Japan,https://www3.nhk.or.jp/nhkworld/en/vod/greatgear/2018228/
554,#TOKYO,Keyword: Sushi,https://www3.nhk.or.jp/nhkworld/en/vod/hashtagtokyo/2064013/
555,Asia Insight,China Breaks Tradition by Facing Death,https://www3.nhk.or.jp/nhkworld/en/vod/asiainsight/2022199/
556,CYCLE AROUND JAPAN Highlights,Akita - Discovering the Traditions of the North -,https://www3.nhk.or.jp/nhkworld/en/vod/cyclehighlights/2070001/
557,Direct Talk,Captivated by the Sound of JoyAnyango,https://www3.nhk.or.jp/nhkworld/en/vod/directtalk/2058332/
558,Journeys in Japan,Mihonoseki: Land of the Gods,https://www3.nhk.or.jp/nhkworld/en/vod/journeys/2007260/
559,Medical Frontiers,Another Chance for Stroke Patients,https://www3.nhk.or.jp/nhkworld/en/vod/medicalfrontiers/2050054/
560,J-Trip Plan,The Must-See Sights surrounding Himeji Castle & Scenes from the Shinkansen Window,https://www3.nhk.or.jp/nhkworld/en/vod/jtripplan/2059029/
561,Direct Talk,World-first Industrial RobotsHiroshi Ogasawara,https://www3.nhk.or.jp/nhkworld/en/vod/directtalk/2058331/
562,GLOBAL AGENDA,Trump-Kim Summit: Denuclearizing North Korea,https://www3.nhk.or.jp/nhkworld/en/vod/globalagenda/2047036/
563,#TOKYO,Keyword: Aquarium,https://www3.nhk.or.jp/nhkworld/en/vod/hashtagtokyo/2064005/
564,TOKYO EYE 2020,I Love Tokyo! A Swedish Guide to Japanese Tea,https://www3.nhk.or.jp/nhkworld/en/vod/tokyoeye2020/2053114/
565,Journeys in Japan,Akiu: In the footsteps of a legendary warlord,https://www3.nhk.or.jp/nhkworld/en/vod/journeys/2007259/
566,Medical Frontiers,Gamma Rays for the Brain,https://www3.nhk.or.jp/nhkworld/en/vod/medicalfrontiers/2050053/
567,J-Trip Plan,A True Rural Experience in Tottori & The World of Yokai in Anime,https://www3.nhk.or.jp/nhkworld/en/vod/jtripplan/2059051/
568,Wild Hokkaido!,Early Spring on the Shiretoko Peninsula,https://www3.nhk.or.jp/nhkworld/en/vod/wildhokkaido/2069028/
569,CYCLE AROUND JAPAN,Shimane - Land of Legends -,https://www3.nhk.or.jp/nhkworld/en/vod/cycle/2066012/
570,Direct Talk,Advocating for EqualityGeorge Takei,https://www3.nhk.or.jp/nhkworld/en/vod/directtalk/2058303/
571,Kawaii International,Osaka-Style Kawaii: Independent Artists,https://www3.nhk.or.jp/nhkworld/en/vod/kawaii-i/2025087/
572,Direct Talk,Saving Children Affected by AIDSChung To,https://www3.nhk.or.jp/nhkworld/en/vod/directtalk/2058328/
573,TOKYO EYE 2020,I Love Tokyo! A Trip Through Hachioji,https://www3.nhk.or.jp/nhkworld/en/vod/tokyoeye2020/2053113/
574,Journeys in Japan,Following a Samurai Tea Master,https://www3.nhk.or.jp/nhkworld/en/vod/journeys/2007329/
575,J-Trip Plan,Ghost Stories of Old & A Pilgrimage through Sacred Forests,https://www3.nhk.or.jp/nhkworld/en/vod/jtripplan/2059028/
576,Wild Hokkaido!,The Nature Surrounding Noboribetsu,https://www3.nhk.or.jp/nhkworld/en/vod/wildhokkaido/2069027/
577,great gear,Content Expo Tokyo,https://www3.nhk.or.jp/nhkworld/en/vod/greatgear/2018227/
578,Anime Supernova,Creating Graceful Motion with CGI,https://www3.nhk.or.jp/nhkworld/en/vod/anime/2065014/
579,Train Cruise,The Living Museum of Chiba,https://www3.nhk.or.jp/nhkworld/en/vod/traincruise/2068008/
580,Kawaii International,Osaka-Style Kawaii: Unique Trends,https://www3.nhk.or.jp/nhkworld/en/vod/kawaii-i/2025086/
581,Direct Talk,Knitting the Future by HandTamako Mitarai,https://www3.nhk.or.jp/nhkworld/en/vod/directtalk/2058324/
582,Journeys in Japan,Chichibu: A Springtime Pilgrimage,https://www3.nhk.or.jp/nhkworld/en/vod/journeys/2007258/
583,J-Trip Plan,"Island Hopping in Japan's ""Mediterranean""",https://www3.nhk.or.jp/nhkworld/en/vod/jtripplan/2059027/
584,HAIKU MASTERS,Ep.2 'Entenji Temple / Tokyo',https://www3.nhk.or.jp/nhkworld/en/vod/haiku_masters/2060002/
585,Kids Meet the World,"Making Videos, Making Friends: Miyagi Meets Palau",https://www3.nhk.or.jp/nhkworld/en/vod/kids/2071002/
586,great gear,CP+ : Camera & Photo Imaging Show,https://www3.nhk.or.jp/nhkworld/en/vod/greatgear/2018226/
587,GLOBAL AGENDA,Elderly Care in Crisis: Perspectives from Japan,https://www3.nhk.or.jp/nhkworld/en/vod/globalagenda/2047035/
588,#TOKYO,Keyword: Museum,https://www3.nhk.or.jp/nhkworld/en/vod/hashtagtokyo/2064012/
589,CYCLE AROUND JAPAN Highlights,"From Sea to Mountains, Spring in Ehime",https://www3.nhk.or.jp/nhkworld/en/vod/cyclehighlights/2070002/
590,Direct Talk,"Hopes for South Korea, the Suicide NationHa Sang-hun",https://www3.nhk.or.jp/nhkworld/en/vod/directtalk/2058322/
591,Her Story,The Doctor They Never Forget,https://www3.nhk.or.jp/nhkworld/en/vod/herstory/2048027/
592,3-Day Dare*Devils,YUKIGUNI - Deep into Japan's Snowland,https://www3.nhk.or.jp/nhkworld/en/vod/daredevils/3019002/
593,TOKYO EYE 2020,Ever-Evolving Shinagawa,https://www3.nhk.or.jp/nhkworld/en/vod/tokyoeye2020/2053112/
594,Direct Talk,Yarn Unlike Any OtherMasaki Sato,https://www3.nhk.or.jp/nhkworld/en/vod/directtalk/2058321/
595,Journeys in Japan,Toyama: A Food Culture Rich in Umami,https://www3.nhk.or.jp/nhkworld/en/vod/journeys/2007328/
596,Medical Frontiers,"Back Off, Back Pain!",https://www3.nhk.or.jp/nhkworld/en/vod/medicalfrontiers/2050052/
597,J-Trip Plan,Exploring near Kansai Airport & Treasure Hunting at 100-yen Shops,https://www3.nhk.or.jp/nhkworld/en/vod/jtripplan/2059026/
598,Direct Talk,Aquarium InnovationTetsuhiro Shikiyama,https://www3.nhk.or.jp/nhkworld/en/vod/directtalk/2058320/
599,#TOKYO,Keyword: Kichijoji,https://www3.nhk.or.jp/nhkworld/en/vod/hashtagtokyo/2064011/
600,Direct Talk,Anger Can Be BeautifulSetsuko Ono,https://www3.nhk.or.jp/nhkworld/en/vod/directtalk/2058319/
601,3-Day Dare*Devils,Behind the Scenes of the Ultimate EKIBEN,https://www3.nhk.or.jp/nhkworld/en/vod/daredevils/3019001/
602,TOKYO EYE 2020,Travel Japan Without Leaving Tokyo,https://www3.nhk.or.jp/nhkworld/en/vod/tokyoeye2020/2053111/
603,Direct Talk,East Meets West Through FlowersNicolai Bergmann,https://www3.nhk.or.jp/nhkworld/en/vod/directtalk/2058318/
604,Journeys in Japan,Nara: Ancient Sanctuary for All Living Creatures,https://www3.nhk.or.jp/nhkworld/en/vod/journeys/2007296/
605,Medical Frontiers,Growing New Blood Vessels,https://www3.nhk.or.jp/nhkworld/en/vod/medicalfrontiers/2050051/
606,J-Trip Plan,The Intricacy and Allure of Woodcraft & A Jazz Festival in Osaka,https://www3.nhk.or.jp/nhkworld/en/vod/jtripplan/2059050/
607,Wild Hokkaido!,Harsh Winter on the Tokachi River,https://www3.nhk.or.jp/nhkworld/en/vod/wildhokkaido/2069026/
608,CYCLE AROUND JAPAN,Aichi - Heartland of Japan's Craft Traditions -,https://www3.nhk.or.jp/nhkworld/en/vod/cycle/2066011/
609,TOKYO EYE 2020,The Complete Guide to Tokyo Station,https://www3.nhk.or.jp/nhkworld/en/vod/tokyoeye2020/2053110/
610,Direct Talk,Appliances That Make Life FunGen Terao,https://www3.nhk.or.jp/nhkworld/en/vod/directtalk/2058317/
611,Journeys in Japan,Makabe: A Promise of Spring,https://www3.nhk.or.jp/nhkworld/en/vod/journeys/2007327/
612,J-Trip Plan,Visit the Home of Luxurious Silk Kimono Fabrics & Hike an Old Road to Kyoto,https://www3.nhk.or.jp/nhkworld/en/vod/jtripplan/2059025/
613,Direct Talk,Machines That Make Delicious Crab SticksYoshio Yanagiya,https://www3.nhk.or.jp/nhkworld/en/vod/directtalk/2058316/
614,CYCLE AROUND JAPAN,Wakayama - Journey through a Sacred Landscape -,https://www3.nhk.or.jp/nhkworld/en/vod/cycle/2066007/
615,Direct Talk,"Samsung, Chaebol and Economy Reformation in South KoreaChang Sea-jin",https://www3.nhk.or.jp/nhkworld/en/vod/directtalk/2058315/
616,TOKYO EYE 2020,Countdown to 2020: Gearing Up for Global Hospitality,https://www3.nhk.or.jp/nhkworld/en/vod/tokyoeye2020/2053109/
617,Direct Talk,Cutting No CornersTomoyuki Kobayashi,https://www3.nhk.or.jp/nhkworld/en/vod/directtalk/2058314/
618,Journeys in Japan,Hachinohe: Warmth in Winter,https://www3.nhk.or.jp/nhkworld/en/vod/journeys/2007326/
619,Direct Talk,The Digital-Age WizardYoichi Ochiai,https://www3.nhk.or.jp/nhkworld/en/vod/directtalk/2058313/
620,Japan-easy,#24 Review,https://www3.nhk.or.jp/nhkworld/en/vod/japaneasy/6210024/
621,Asia's Appetizing Adventures,"Yunnan, China Part 2: Festival Foods of the Dai People",https://www3.nhk.or.jp/nhkworld/en/vod/appetizing/3019016/
622,Asia's Appetizing Adventures,"Yunnan, China Part 1: The Home of Herbal Medicine",https://www3.nhk.or.jp/nhkworld/en/vod/appetizing/3019015/
623,Asia's Appetizing Adventures,Vietnam Part 2: Visiting the Muong People,https://www3.nhk.or.jp/nhkworld/en/vod/appetizing/3019014/
624,Asia's Appetizing Adventures,Vietnam Part 1: Feasting on the Riches of Rice Paddies,https://www3.nhk.or.jp/nhkworld/en/vod/appetizing/3019013/
625,#TOKYO,Keyword: Bus,https://www3.nhk.or.jp/nhkworld/en/vod/hashtagtokyo/2064010/
626,Asia's Appetizing Adventures,Taiwan Part 2: Orchid Island's Traditions for Catching Flying Fish,https://www3.nhk.or.jp/nhkworld/en/vod/appetizing/3019018/
627,Asia's Appetizing Adventures,Taiwan Part 1: A Visit to a Hakka Family,https://www3.nhk.or.jp/nhkworld/en/vod/appetizing/3019017/
628,Kawaii International,The Cool World of Tokyo Nail Art,https://www3.nhk.or.jp/nhkworld/en/vod/kawaii-i/2025078/
629,TOKYO EYE 2020,The Embassy Take on Tokyo: Pakistan,https://www3.nhk.or.jp/nhkworld/en/vod/tokyoeye2020/2053108/
630,Journeys in Japan,A Winter Wonderland of Ice: Eastern Hokkaido,https://www3.nhk.or.jp/nhkworld/en/vod/journeys/2007325/
631,J-Trip Plan,"The Ceramic Tanuki Statues of Shigaraki, Shiga Pref. & Ekiben Train Bento",https://www3.nhk.or.jp/nhkworld/en/vod/jtripplan/2059024/
632,Japan-easy,#23 Talking about giving and receiving (Part 2),https://www3.nhk.or.jp/nhkworld/en/vod/japaneasy/6210023/
633,Journey to Oshin's Homeland,Part 3: Mogami River Cruise,https://www3.nhk.or.jp/nhkworld/en/vod/oshinshomeland/3004486/
634,Journey to Oshin's Homeland,Part 2: Ginzan Hot Springs,https://www3.nhk.or.jp/nhkworld/en/vod/oshinshomeland/3004485/
635,GLOBAL AGENDA,China's 'Belt and Road': Reshaping the World,https://www3.nhk.or.jp/nhkworld/en/vod/globalagenda/2047034/
636,Kids Meet the World,"Making Videos, Making Friends: Nagano Meets Rwanda",https://www3.nhk.or.jp/nhkworld/en/vod/kids/2071001/
637,Journeys in Japan,Manazuru: Good Living by Design,https://www3.nhk.or.jp/nhkworld/en/vod/journeys/2007298/
638,J-Trip Plan,A Mountainous Pilgrimage of Stone Buddhist Statues & A Town Draped in Curtains,https://www3.nhk.or.jp/nhkworld/en/vod/jtripplan/2059048/
639,Japan-easy,#22 Talking about giving and receiving (Part 1),https://www3.nhk.or.jp/nhkworld/en/vod/japaneasy/6210022/
640,Running in Japan,Himeji Castle Marathon,https://www3.nhk.or.jp/nhkworld/en/vod/runninginjapan/3019005/
641,Journey to Oshin's Homeland,Part 1: Yamadera,https://www3.nhk.or.jp/nhkworld/en/vod/oshinshomeland/3004484/
642,TOKYO EYE 2020,"Ueno: Pandas, Parks and More",https://www3.nhk.or.jp/nhkworld/en/vod/tokyoeye2020/2053107/
643,J-Trip Plan,Traveling the Pacific Coast of Kochi Pref. & Cultural Museums,https://www3.nhk.or.jp/nhkworld/en/vod/jtripplan/2059023/
644,Japan-easy II,#24 I have to go home.,https://www3.nhk.or.jp/nhkworld/en/vod/japaneasy2/6210124/
645,Wild Hokkaido!,The Forest of Tomakomai,https://www3.nhk.or.jp/nhkworld/en/vod/wildhokkaido/2069024/
646,CYCLE AROUND JAPAN,Miyazaki - Through a Sunlit Land -,https://www3.nhk.or.jp/nhkworld/en/vod/cycle/2066010/
647,Kawaii International,Keeping Up With the Kawaii: Top Trends,https://www3.nhk.or.jp/nhkworld/en/vod/kawaii-i/2025083/
648,Journeys in Japan,Takada: Community and Tradition in Snow Country,https://www3.nhk.or.jp/nhkworld/en/vod/journeys/2007324/
649,J-Trip Plan,Winter Delicacies of the Northeastern Seas & Hiking a Steep Mountain between Osaka and Nara,https://www3.nhk.or.jp/nhkworld/en/vod/jtripplan/2059047/
650,Japan-easy II,#23 I don't like this.,https://www3.nhk.or.jp/nhkworld/en/vod/japaneasy2/6210123/
651,Wild Hokkaido!,Severe Winter in the Taisetsu Mountain Range,https://www3.nhk.or.jp/nhkworld/en/vod/wildhokkaido/2069023/
652,Kawaii International,It's a Small Kawaii World,https://www3.nhk.or.jp/nhkworld/en/vod/kawaii-i/2025082/
653,BOSAI: An Educational Journey,Fukushima Edition 3: Food Safety,https://www3.nhk.or.jp/nhkworld/en/vod/bosai/9106008/
654,BOSAI: An Educational Journey,Fukushima Edition 2: Decontamination,https://www3.nhk.or.jp/nhkworld/en/vod/bosai/9106007/
655,BOSAI: An Educational Journey,Fukushima Edition 1: Lessons,https://www3.nhk.or.jp/nhkworld/en/vod/bosai/9106006/
656,BOSAI: An Educational Journey,Tsunami Edition 5: A Message from an Expert / Evacuation Knowledge,https://www3.nhk.or.jp/nhkworld/en/vod/bosai/9106005/
657,BOSAI: An Educational Journey,Tsunami Edition 4: A Message from an Expert / Sharing Japan's Lessons with the World,https://www3.nhk.or.jp/nhkworld/en/vod/bosai/9106004/
658,BOSAI: An Educational Journey,Tsunami Edition 3: Taking Refuge,https://www3.nhk.or.jp/nhkworld/en/vod/bosai/9106003/
659,BOSAI: An Educational Journey,Tsunami Edition 2: Evacuation,https://www3.nhk.or.jp/nhkworld/en/vod/bosai/9106002/
660,BOSAI: An Educational Journey,Tsunami Edition 1: Community,https://www3.nhk.or.jp/nhkworld/en/vod/bosai/9106001/
661,TOKYO EYE 2020,The Best of: The Embassy Take on Tokyo,https://www3.nhk.or.jp/nhkworld/en/vod/tokyoeye2020/2053106/
662,Journeys in Japan,Fukuoka: City of Food and Flavor,https://www3.nhk.or.jp/nhkworld/en/vod/journeys/2007323/
663,J-Trip Plan,The Hot Springs of Kyushu & Country Life in Tottori Prefecture,https://www3.nhk.or.jp/nhkworld/en/vod/jtripplan/2059013/
664,HAIKU MASTERS,"HAIKU MASTERS in Yufuin, Oita",https://www3.nhk.or.jp/nhkworld/en/vod/haiku_masters/2060016/
665,Japan-easy,#21 Formal and casual ways of talking,https://www3.nhk.or.jp/nhkworld/en/vod/japaneasy/6210021/
666,GLOBAL AGENDA,Basic Income: Money for Nothing? Davos 2018,https://www3.nhk.or.jp/nhkworld/en/vod/globalagenda/2047033/
667,#TOKYO,Keyword: Tower,https://www3.nhk.or.jp/nhkworld/en/vod/hashtagtokyo/2064009/
668,NHK WORLD PRIME,Chasing the Father's Shadow: Vietnamese Children of Japanese Soldiers,https://www3.nhk.or.jp/nhkworld/en/vod/worldprime/3016011/
669,BOSAI: An Educational Journey,Fukushima Edition,https://www3.nhk.or.jp/nhkworld/en/vod/bosai/3004455/
670,TOKYO EYE 2020,Tsukiji: More Than Just the Market,https://www3.nhk.or.jp/nhkworld/en/vod/tokyoeye2020/2053105/
671,Journeys in Japan,"Oita: Rest and Recuperation, Onsen Style",https://www3.nhk.or.jp/nhkworld/en/vod/journeys/2007322/
672,Japan-easy,#20 Inviting someone to do something,https://www3.nhk.or.jp/nhkworld/en/vod/japaneasy/6210020/
673,BOSAI: An Educational Journey,Tsunami Edition,https://www3.nhk.or.jp/nhkworld/en/vod/bosai/3004454/
674,Asia Insight,The Next China: Young Perspectives on China's Role in the World,https://www3.nhk.or.jp/nhkworld/en/vod/asiainsight/2022224/
675,Journeys in Japan,A Spiritual Journey in Oita,https://www3.nhk.or.jp/nhkworld/en/vod/journeys/2007138/
676,Trails to Tsukiji,SALMON,https://www3.nhk.or.jp/nhkworld/en/vod/tsukiji/9101008/
677,imagine-nation,The 5th Japan Vietnam Festival in Ho Chi Minh City,https://www3.nhk.or.jp/nhkworld/en/vod/imagine/2002309/
678,Journeys in Japan,Tsubakuro-dake: New Year High Up in the Northern Alps,https://www3.nhk.or.jp/nhkworld/en/vod/journeys/2007321/
679,Japan-easy II,#22 I am cooking now.,https://www3.nhk.or.jp/nhkworld/en/vod/japaneasy2/6210122/
680,CYCLE AROUND JAPAN,Shimanami - Life on the Islands -,https://www3.nhk.or.jp/nhkworld/en/vod/cycle/2066009/
681,Journeys in Japan,Yokkaichi: Bringing Back the Skies,https://www3.nhk.or.jp/nhkworld/en/vod/journeys/2007320/
682,J-Trip Plan,The Hidden History of a Port Town & Thrilling Rock Climbing,https://www3.nhk.or.jp/nhkworld/en/vod/jtripplan/2059045/
683,Japan-easy II,#21 I like the bigger one.,https://www3.nhk.or.jp/nhkworld/en/vod/japaneasy2/6210121/
684,Wild Hokkaido!,Biei Forest,https://www3.nhk.or.jp/nhkworld/en/vod/wildhokkaido/2069021/
685,TOKYO EYE 2020,Tokyo's Western Architectural Legacy,https://www3.nhk.or.jp/nhkworld/en/vod/tokyoeye2020/2053104/
686,Journeys in Japan,"Nagara River: Pristine Beauty, Waterborne Bounty",https://www3.nhk.or.jp/nhkworld/en/vod/journeys/2007311/
687,Japan-easy,#19 Comparing two things,https://www3.nhk.or.jp/nhkworld/en/vod/japaneasy/6210069/
688,Journeys in Japan,Gujo-hachiman: Dancing in the City of Water,https://www3.nhk.or.jp/nhkworld/en/vod/journeys/2007197/
689,Journeys in Japan,SABAE: Eye on Design,https://www3.nhk.or.jp/nhkworld/en/vod/journeys/2007268/
690,J-Trip Plan,A Mystical Land of Myths & Getting around Japan,https://www3.nhk.or.jp/nhkworld/en/vod/jtripplan/2059044/
691,Japan-easy,#18 Using time words,https://www3.nhk.or.jp/nhkworld/en/vod/japaneasy/6210068/
692,Journeys in Japan,"Following the Old Mackerel Road - Wakasa Bay, Fukui Pref. -",https://www3.nhk.or.jp/nhkworld/en/vod/journeys/2007207/
693,Trails to Tsukiji,YAMAIMO,https://www3.nhk.or.jp/nhkworld/en/vod/tsukiji/9101009/
694,Journeys in Japan,Uchikawa: A retro river townscape,https://www3.nhk.or.jp/nhkworld/en/vod/journeys/2007275/
695,J-Trip Plan,"Winter Wonderland & The Handicrafts of Echizen, Fukui Pref.",https://www3.nhk.or.jp/nhkworld/en/vod/jtripplan/2059020/
696,Japan-easy II,"#20 This is expensive, isn't it?",https://www3.nhk.or.jp/nhkworld/en/vod/japaneasy2/6210120/
697,Japan-easy II,#19 I think it's cute.,https://www3.nhk.or.jp/nhkworld/en/vod/japaneasy2/6210119/
698,Train Cruise,Along the Mountain Rivers of Fukushima and Miyagi,https://www3.nhk.or.jp/nhkworld/en/vod/traincruise/2068004/
699,Japan-easy,#17 Expressing what you want to do,https://www3.nhk.or.jp/nhkworld/en/vod/japaneasy/6210017/
700,Japan-easy,#16 Expressing what you want,https://www3.nhk.or.jp/nhkworld/en/vod/japaneasy/6210016/
701,Asia Insight,Chinese Comics Go Worldwide,https://www3.nhk.or.jp/nhkworld/en/vod/asiainsight/2022219/
702,Japan-easy,#15 Saying you're sick,https://www3.nhk.or.jp/nhkworld/en/vod/japaneasy/6210015/
703,Japan-easy II,#18 Let's go to Tokyo Tower.,https://www3.nhk.or.jp/nhkworld/en/vod/japaneasy2/6210118/
704,Japan-easy II,#17 Can I change money here?,https://www3.nhk.or.jp/nhkworld/en/vod/japaneasy2/6210117/
705,Japan-easy,#14 Saying that something is there,https://www3.nhk.or.jp/nhkworld/en/vod/japaneasy/6210014/
706,Japan-easy,#13 Saying that someone is there,https://www3.nhk.or.jp/nhkworld/en/vod/japaneasy/6210013/
707,Trails to Tsukiji,MATSUTAKE,https://www3.nhk.or.jp/nhkworld/en/vod/tsukiji/9101011/
708,J-Trip Plan,Local Morning Markets & Traditional Paper Making in Fukuoka Pref.,https://www3.nhk.or.jp/nhkworld/en/vod/jtripplan/2059016/
709,Japan-easy II,#16 Could you take my picture?,https://www3.nhk.or.jp/nhkworld/en/vod/japaneasy2/6210116/
710,Japan-easy II,#15 May I sit down?,https://www3.nhk.or.jp/nhkworld/en/vod/japaneasy2/6210115/
711,Japan-easy,#12 Asking if something is A or B,https://www3.nhk.or.jp/nhkworld/en/vod/japaneasy/6210062/
712,Anime Supernova,Depicting Life and Death with Puppets,https://www3.nhk.or.jp/nhkworld/en/vod/anime/2065011/
713,Anime Supernova,Chilling Your Spine and Tickling Your Funnybone,https://www3.nhk.or.jp/nhkworld/en/vod/anime/2065010/
714,Japan-easy,#11 Talking about action (Part3),https://www3.nhk.or.jp/nhkworld/en/vod/japaneasy/6210061/
715,Japan-easy II,#14 Do you have miso ramen?,https://www3.nhk.or.jp/nhkworld/en/vod/japaneasy2/6210114/
716,Anime Supernova,Dramatic Flourishes,https://www3.nhk.or.jp/nhkworld/en/vod/anime/2065009/
717,Japan-easy II,#13 I want to eat ramen.,https://www3.nhk.or.jp/nhkworld/en/vod/japaneasy2/6210113/
718,Asia Insight,Night School Students in China - Seeking Light within the Dark,https://www3.nhk.or.jp/nhkworld/en/vod/asiainsight/2022211/
719,Japan-easy,#10 Talking about action (Part2),https://www3.nhk.or.jp/nhkworld/en/vod/japaneasy/6210010/
720,Train Cruise,A Volcanic Peninsula on a Single-car Train,https://www3.nhk.or.jp/nhkworld/en/vod/traincruise/2068002/
721,Japan-easy II,#12 Does this bus go to Shibuya?,https://www3.nhk.or.jp/nhkworld/en/vod/japaneasy2/6210112/
722,Trails to Tsukiji,HAMO,https://www3.nhk.or.jp/nhkworld/en/vod/tsukiji/9101006/
723,Journeys in Japan,Chichibu: An Autumn Pilgrimage,https://www3.nhk.or.jp/nhkworld/en/vod/journeys/2007279/
724,Japan-easy II,#11 How long will it take?,https://www3.nhk.or.jp/nhkworld/en/vod/japaneasy2/6210111/
725,Anime Supernova,A Maestro of Computer Graphics,https://www3.nhk.or.jp/nhkworld/en/vod/anime/2065007/
726,J-Trip Plan,"The Ninja of Iga, Mie Prefecture & Good Luck Charms",https://www3.nhk.or.jp/nhkworld/en/vod/jtripplan/2059010/
727,Japan-easy II,#10 Is it near here?,https://www3.nhk.or.jp/nhkworld/en/vod/japaneasy2/6210110/
728,Drainspotters,#1 Green Tea,https://www3.nhk.or.jp/nhkworld/en/vod/drainspotters/3004426/
729,Drainspotters,#2 Ninja,https://www3.nhk.or.jp/nhkworld/en/vod/drainspotters/3004427/
730,Drainspotters,#3 Nonbori-arai (Washing Carp Streamers),https://www3.nhk.or.jp/nhkworld/en/vod/drainspotters/3004428/
731,Drainspotters,#4 Morning Market,https://www3.nhk.or.jp/nhkworld/en/vod/drainspotters/3004429/
732,Drainspotters,#5 Nishikigoi (Ornamental Carp),https://www3.nhk.or.jp/nhkworld/en/vod/drainspotters/3004430/
733,Japan-easy II,#9 When is it?,https://www3.nhk.or.jp/nhkworld/en/vod/japaneasy2/6210109/
734,J-Trip Plan,"Takaoka, the City of ""Kawaii"" in Toyama Prefecture & Summer Fireworks",https://www3.nhk.or.jp/nhkworld/en/vod/jtripplan/2059009/
735,Japan-easy,#9 Talking about action (Part1),https://www3.nhk.or.jp/nhkworld/en/vod/japaneasy/6210009/
736,Journeys in Japan,"Murayama, Yamagata: Local Delicacies, Local Pride",https://www3.nhk.or.jp/nhkworld/en/vod/journeys/2007302/
737,Japan-easy,#8 Negative sentences,https://www3.nhk.or.jp/nhkworld/en/vod/japaneasy/6210008/
738,Japan-easy,#7 Past sentences (Part2),https://www3.nhk.or.jp/nhkworld/en/vod/japaneasy/6210007/
739,J-Trip Plan,Summer Waterfront Retreats & The Gardens of Hokkaido,https://www3.nhk.or.jp/nhkworld/en/vod/jtripplan/2059008/
740,Japan-easy II,#8 Where is the restroom?,https://www3.nhk.or.jp/nhkworld/en/vod/japaneasy2/6210108/
741,Japan-easy II,#7 How much is this?,https://www3.nhk.or.jp/nhkworld/en/vod/japaneasy2/6210107/
742,Japan-easy,#6 Past sentences (Part1),https://www3.nhk.or.jp/nhkworld/en/vod/japaneasy/6210006/
743,Japan-easy,"#5 Words like this, that, and it",https://www3.nhk.or.jp/nhkworld/en/vod/japaneasy/6210005/
744,Japan-easy II,#6 How do you say this in Japanese?,https://www3.nhk.or.jp/nhkworld/en/vod/japaneasy2/6210106/
745,Trails to Tsukiji,SANSAI,https://www3.nhk.or.jp/nhkworld/en/vod/tsukiji/9101013/
746,Japan-easy II,#5 Which is your recommendation?,https://www3.nhk.or.jp/nhkworld/en/vod/japaneasy2/6210105/
747,Asia Insight,"Korea, Seoul: The Youth of the Daehangno District",https://www3.nhk.or.jp/nhkworld/en/vod/asiainsight/2022200/
748,J-Trip Plan,Mystical Spots around Japan & Delicacies of Ise-Shima,https://www3.nhk.or.jp/nhkworld/en/vod/jtripplan/2059005/
749,Japan-easy,#4 Expressing your impressions or feelings,https://www3.nhk.or.jp/nhkworld/en/vod/japaneasy/6210004/
750,J-Trip Plan,"Cheap, Popular, Local Dishes & Nearby Narita Airport, The Gateway to Japan",https://www3.nhk.or.jp/nhkworld/en/vod/jtripplan/2059004/
751,Japan-easy,#3 Talking about ownership,https://www3.nhk.or.jp/nhkworld/en/vod/japaneasy/6210003/
752,Japan-easy II,#4 Who is this?,https://www3.nhk.or.jp/nhkworld/en/vod/japaneasy2/6210104/
753,Japan-easy II,#3 What is this?,https://www3.nhk.or.jp/nhkworld/en/vod/japaneasy2/6210103/
754,Japan-easy,#2 Basic sentences: A is B (Part2),https://www3.nhk.or.jp/nhkworld/en/vod/japaneasy/6210002/
755,J-Trip Plan,"May Festivals & Experiencing Okonomiyaki, Hiroshima Style",https://www3.nhk.or.jp/nhkworld/en/vod/jtripplan/2059003/
756,Japan-easy,#1 Basic sentences: A is B (Part1),https://www3.nhk.or.jp/nhkworld/en/vod/japaneasy/6210001/
757,Anime Supernova,Handcrafted Fantasies in a Digital World,https://www3.nhk.or.jp/nhkworld/en/vod/anime/2065003/
758,Japan-easy II,#2 This is mine.,https://www3.nhk.or.jp/nhkworld/en/vod/japaneasy2/6210102/
759,Japan-easy II,"#1 Shinjuku, please.",https://www3.nhk.or.jp/nhkworld/en/vod/japaneasy2/6210101/
760,Easy Travel Japanese,#4: Now use them,https://www3.nhk.or.jp/nhkworld/en/vod/easytravel_j/3004400/
761,Easy Travel Japanese,#3: Doko desu ka? Where is it?,https://www3.nhk.or.jp/nhkworld/en/vod/easytravel_j/3004399/
762,Easy Travel Japanese,#2: Sumimasen. A versatile word,https://www3.nhk.or.jp/nhkworld/en/vod/easytravel_j/3004398/
763,Easy Travel Japanese,#1: Ii desu ka? May I?,https://www3.nhk.or.jp/nhkworld/en/vod/easytravel_j/3004397/
764,Trails to Tsukiji,YUZU,https://www3.nhk.or.jp/nhkworld/en/vod/tsukiji/9101012/
765,Asia Insight,"Beijing's ""Audition Hotels""",https://www3.nhk.or.jp/nhkworld/en/vod/asiainsight/2022181/
766,Asia Insight,"The Men who Carried a City: Chongqing, China",https://www3.nhk.or.jp/nhkworld/en/vod/asiainsight/2022176/
767,Trails to Tsukiji,KAMO-NASU,https://www3.nhk.or.jp/nhkworld/en/vod/tsukiji/9101007/
768,Trails to Tsukiji,AYU,https://www3.nhk.or.jp/nhkworld/en/vod/tsukiji/9101005/
769,Trails to Tsukiji,SNOW CRAB,https://www3.nhk.or.jp/nhkworld/en/vod/tsukiji/9101010/
770,Japanology Plus,Silk,https://www3.nhk.or.jp/nhkworld/en/vod/japanologyplus/2032067/
771,Journeys in Japan,"Artisans and Beauty: Koshu, Yamanashi",https://www3.nhk.or.jp/nhkworld/en/vod/journeys/2007244/
772,Japanology Plus,Onsen,https://www3.nhk.or.jp/nhkworld/en/vod/japanologyplus/2032056/
773,Asia Insight,African Students in Chinese Acrobatics,https://www3.nhk.or.jp/nhkworld/en/vod/asiainsight/2022138/
774,Japanology Plus,Haunted Houses,https://www3.nhk.or.jp/nhkworld/en/vod/japanologyplus/2032055/
775,Japanology Plus,Izakaya,https://www3.nhk.or.jp/nhkworld/en/vod/japanologyplus/2032043/
776,Journeys in Japan,Savoring Fall on Shodoshima,https://www3.nhk.or.jp/nhkworld/en/vod/journeys/2007208/
777,Japanology Plus,Cherry Trees,https://www3.nhk.or.jp/nhkworld/en/vod/japanologyplus/2032005/
778,Japanology Plus,Begin JapanologyJapanophiles: Matt Alt,https://www3.nhk.or.jp/nhkworld/en/vod/japanologyplus/2001070/
